,linearity,planarity,eig_ratio_r12,elongation,thickness_norm,aspect_ratio_xy,compactness,normal_disp_p95,rectangularity,axis_alignment,hull_vertex_density,boundary_edge_cv,boundary_turning_std,perimeter_rect_ratio,surface_complexity,sl_regular_surface_score
linearity,1.0,-0.9187124817155997,0.2325606318166745,-0.02047534211149679,-0.38698749040483327,0.4408081151969934,0.025988586432279172,0.11867444021991672,0.2759254793573678,0.44421396816545794,-0.09704730424278546,0.22750185954020755,0.1553567131983112,0.4566942300424088,-0.8686696292397457,-0.8683230334362776
planarity,-0.9187124817155997,1.0,-0.21940078287153136,0.03140496406290734,0.1326434179940097,-0.4152150469641352,0.004073685826832511,-0.1395320096933976,-0.26840238667026317,-0.42853985718993837,0.09502383133085672,-0.18727763362444216,-0.13747317477986232,-0.43122091102582216,0.9382989284225534,0.9472714527717698
eig_ratio_r12,0.2325606318166745,-0.21940078287153136,1.0,-0.024560756210400707,-0.18841506289757357,0.8670896102431767,-0.05406921198627172,-0.0856508896400651,0.14862945723507096,0.13295837558804668,0.1867941080405463,0.23633454191059095,0.13894935768106353,0.15338088881574868,-0.20918713716575912,-0.21616711649299947
elongation,-0.02047534211149679,0.03140496406290734,-0.024560756210400707,1.0,-0.0529715251972649,-0.04297376337030033,0.0436415769014644,-0.28510672678047344,-0.03826482436259508,-0.07453214195525983,0.21778694434822102,-0.025706432814090248,-0.0463092383378496,-0.06330858544363978,0.0004903748661537784,0.008663301774005346
thickness_norm,-0.38698749040483327,0.1326434179940097,-0.18841506289757357,-0.0529715251972649,1.0,-0.34174991246165715,-0.4720551646219517,0.10531994939971315,-0.24048944270737263,-0.25238682989088657,0.09978253917384525,0.13150589548324068,0.04892557768867486,-0.3056392437175179,0.18010947591054782,0.12617845960958526
aspect_ratio_xy,0.4408081151969934,-0.4152150469641352,0.8670896102431767,-0.04297376337030033,-0.34174991246165715,1.0,0.13458167458183926,-0.04596219226514279,0.2568406908003351,0.2507686333546174,0.09292275107857974,0.174432325663333,0.07033194756495839,0.28540385829338305,-0.3965355921249934,-0.4069257680892544
compactness,0.025988586432279172,0.004073685826832511,-0.05406921198627172,0.0436415769014644,-0.4720551646219517,0.13458167458183926,1.0,-0.19283687389620807,0.4370035347417616,0.30554970912845814,-0.1830157187715031,-0.4176716720114698,-0.32138837509978607,0.3624314808902069,-0.07771452480476224,0.052375459547659
normal_disp_p95,0.11867444021991672,-0.1395320096933976,-0.0856508896400651,-0.28510672678047344,0.10531994939971315,-0.04596219226514279,-0.19283687389620807,1.0,-0.13483254144704487,-0.0288613072257406,-0.13253257934371096,0.12492987143885965,0.29986132204517735,-0.09211459360834377,0.02242536745949878,-0.13530547949140545
rectangularity,0.2759254793573678,-0.26840238667026317,0.14862945723507096,-0.03826482436259508,-0.24048944270737263,0.2568406908003351,0.4370035347417616,-0.13483254144704487,1.0,0.8567254499799463,-0.14755038414333257,-0.22481333305296522,-0.26374251738540205,0.8943833833787851,-0.40890804194165625,-0.04829268975206958
axis_alignment,0.44421396816545794,-0.42853985718993837,0.13295837558804668,-0.07453214195525983,-0.25238682989088657,0.2507686333546174,0.30554970912845814,-0.0288613072257406,0.8567254499799463,1.0,-0.20152727413573757,-0.1104251583407127,-0.042009505287699894,0.9732172222808969,-0.5741606538529139,-0.15887513050889823
hull_vertex_density,-0.09704730424278546,0.09502383133085672,0.1867941080405463,0.21778694434822102,0.09978253917384525,0.09292275107857974,-0.1830157187715031,-0.13253257934371096,-0.14755038414333257,-0.20152727413573757,1.0,0.433488523105609,0.3051199044051964,-0.21055088697701843,0.14003366416458332,0.037200613782567615
boundary_edge_cv,0.22750185954020755,-0.18727763362444216,0.23633454191059095,-0.025706432814090248,0.13150589548324068,0.174432325663333,-0.4176716720114698,0.12492987143885965,-0.22481333305296522,-0.1104251583407127,0.433488523105609,1.0,0.37936361599603574,-0.1554988030272455,-0.08717780742172716,-0.2091814412431266
boundary_turning_std,0.1553567131983112,-0.13747317477986232,0.13894935768106353,-0.0463092383378496,0.04892557768867486,0.07033194756495839,-0.32138837509978607,0.29986132204517735,-0.26374251738540205,-0.042009505287699894,0.3051199044051964,0.37936361599603574,1.0,-0.08786758811852917,-0.054248446607497045,-0.16028650777680056
perimeter_rect_ratio,0.4566942300424088,-0.43122091102582216,0.15338088881574868,-0.06330858544363978,-0.3056392437175179,0.28540385829338305,0.3624314808902069,-0.09211459360834377,0.8943833833787851,0.9732172222808969,-0.21055088697701843,-0.1554988030272455,-0.08786758811852917,1.0,-0.5901607642119873,-0.18181251013316682
surface_complexity,-0.8686696292397457,0.9382989284225534,-0.20918713716575912,0.0004903748661537784,0.18010947591054782,-0.3965355921249934,-0.07771452480476224,0.02242536745949878,-0.40890804194165625,-0.5741606538529139,0.14003366416458332,-0.08717780742172716,-0.054248446607497045,-0.5901607642119873,1.0,0.8224465606453225
sl_regular_surface_score,-0.8683230334362776,0.9472714527717698,-0.21616711649299947,0.008663301774005346,0.12617845960958526,-0.4069257680892544,0.052375459547659,-0.13530547949140545,-0.04829268975206958,-0.15887513050889823,0.037200613782567615,-0.2091814412431266,-0.16028650777680056,-0.18181251013316682,0.8224465606453225,1.0
