BedSet_01_01.obj,OB
BedSet_01_02.obj,OB
BedSet_01_03.obj,M
BedSet_01_04.obj,M
BedSet_01_05.obj,M
BedSet_01_06.obj,M
BedSet_01_07.obj,OB
BedSet_01_08.obj,OB
BedSet_01_09.obj,OB
BedSet_01_10.obj,OB
BedSet_01_11.obj,OB
BedSet_01_12.obj,OB
BedSet_01_13.obj,OB
BedSet_01_14.obj,OB
BedSet_01_15.obj,OB
BedSet_01_16.obj,OB
BedSet_01_17.obj,OB
BedSet_01_18.obj,OB
BedSet_01_19.obj,OB
BedSet_01_20.obj,OB
BedSet_01_21.obj,OB
BedSet_01_22.obj,OB
BedSet_02_01.obj,OB
BedSet_02_02.obj,OB
BedSet_02_03.obj,OB
BedSet_02_04.obj,OB
BedSet_02_05.obj,M
BedSet_02_06.obj,M
BedSet_02_07.obj,M
BedSet_02_08.obj,M
BedSet_02_09.obj,M
BedSet_02_10.obj,M
BedSet_02_11.obj,M
BedSet_02_12.obj,M
BedSet_02_13.obj,M
BedSet_02_14.obj,M
BedSet_02_15.obj,OB
BedSet_02_16.obj,M
BedSet_02_17.obj,M
BedSet_02_18.obj,M
BedSet_02_19.obj,M
BedSet_02_20.obj,OB
BedSet_02_21.obj,M
BedSet_02_22.obj,M
BedSet_02_23.obj,M
BedSet_02_24.obj,OB
BedSet_02_25.obj,M
BedSet_02_26.obj,M
BedSet_02_27.obj,M
BedSet_02_28.obj,M
BedSet_02_29.obj,OB
BedSet_02_30.obj,OB
BedSet_02_31.obj,M
BedSet_02_32.obj,OB
BedSet_02_33.obj,OB
BedSet_02_34.obj,OB
BedSet_02_35.obj,M
BedSet_02_36.obj,OB
BedSet_02_37.obj,OB
BedSet_02_38.obj,OB
BedSet_02_39.obj,M
BedSet_02_40.obj,OB
BedSet_02_41.obj,OB
BedSet_02_42.obj,OB
BedSet_02_43.obj,M
BedSet_02_44.obj,OB
BedSet_02_45.obj,M
BedSet_02_46.obj,M
BedSet_02_47.obj,M
BedSet_02_48.obj,M
BedSet_02_49.obj,M
BedSet_02_50.obj,M
BedSet_02_51.obj,M
BedSet_02_52.obj,M
BedSet_02_53.obj,M
BedSet_02_54.obj,M
BedSet_03_01.obj,OB
BedSet_03_02.obj,M
BedSet_03_03.obj,M
BedSet_03_04.obj,M
BedSet_03_05.obj,M
BedSet_03_06.obj,M
BedSet_03_07.obj,M
BedSet_03_08.obj,M
BedSet_03_09.obj,M
BedSet_03_10.obj,OB
BedSet_03_12.obj,M
BedSet_03_13.obj,OB
BedSet_03_14.obj,M
BedSet_03_15.obj,M
BedSet_03_16.obj,M
BedSet_03_17.obj,M
BedSet_03_18.obj,M
BedSet_03_19.obj,M
BedSet_03_20.obj,M
BedSet_03_21.obj,M
BedSet_03_22.obj,M
BedSet_03_23.obj,M
BedSet_03_24.obj,M
BedSet_03_25.obj,M
BedSet_03_26.obj,M
BedSet_03_27.obj,M
BedSet_04_01.obj,M
BedSet_04_02.obj,OB
BedSet_04_03.obj,M
BedSet_04_04.obj,M
BedSet_04_05.obj,M
BedSet_04_06.obj,M
BedSet_04_07.obj,M
BedSet_04_08.obj,M
BedSet_04_09.obj,M
BedSet_04_10.obj,M
BedSet_04_11.obj,M
BedSet_04_12.obj,M
BedSet_04_13.obj,OB
BedSet_04_14.obj,M
BedSet_04_15.obj,M
BedSet_04_16.obj,OB
BedSet_04_17.obj,OB
BedSet_04_18.obj,M
BedSet_04_19.obj,OB
BedSet_04_20.obj,M
BedSet_04_21.obj,OB
BedSet_04_22.obj,OB
BedSet_05_01.obj,OB
BedSet_05_02.obj,OB
BedSet_05_03.obj,CA
BedSet_05_04.obj,CA
BedSet_05_05.obj,CA
BedSet_05_06.obj,CA
BedSet_05_07.obj,SL
BedSet_05_08.obj,M
BedSet_05_09.obj,M
BedSet_05_10.obj,M
BedSet_05_11.obj,M
BedSet_05_12.obj,M
BedSet_05_13.obj,M
BedSet_05_14.obj,M
BedSet_05_15.obj,M
BedSet_05_16.obj,OB
BedSet_05_17.obj,OB
BedSet_05_18.obj,OB
BedSet_05_19.obj,M
BedSet_05_20.obj,M
BedSet_05_21.obj,M
BedSet_05_22.obj,M
BedSet_05_23.obj,M
BedSet_05_24.obj,M
BedSet_05_25.obj,M
BedSet_05_26.obj,M
BedSet_05_27.obj,M
BedSet_05_28.obj,M
BedSet_05_29.obj,M
BedSet_05_30.obj,M
BedSet_05_31.obj,M
BedSet_05_32.obj,M
BedSet_05_33.obj,M
BedSet_05_34.obj,M
BedSet_05_35.obj,M
BedSet_06_01.obj,M
BedSet_06_02.obj,M
BedSet_06_03.obj,M
BedSet_06_04.obj,OB
BedSet_06_05.obj,M
BedSet_06_06.obj,OB
BedSet_06_07.obj,M
BedSet_06_08.obj,OB
BedSet_06_09.obj,M
BedSet_06_10.obj,M
BedSet_06_11.obj,M
BedSet_06_12.obj,M
BedSet_06_13.obj,M
BedSet_06_14.obj,M
BedSet_06_15.obj,M
BedSet_06_16.obj,M
BedSet_06_17.obj,M
BedSet_06_18.obj,M
BedSet_06_19.obj,OB
BedSet_06_20.obj,M
BedSet_06_21.obj,M
BedSet_06_22.obj,M
BedSet_06_23.obj,M
BedSet_06_24.obj,M
BedSet_06_25.obj,M
BedSet_06_26.obj,M
BedSet_06_27.obj,M
BedSet_06_28.obj,M
BedSet_06_29.obj,M
BedSet_06_30.obj,OB
BedSet_07_01.obj,OB
BedSet_07_02.obj,M
BedSet_07_03.obj,M
BedSet_07_04.obj,M
BedSet_07_05.obj,OB
BedSet_07_06.obj,OB
BedSet_07_07.obj,OB
BedSet_07_08.obj,OB
BedSet_07_09.obj,OB
BedSet_07_10.obj,M
BedSet_07_11.obj,M
BedSet_07_12.obj,M
BedSet_07_13.obj,M
BedSet_07_14.obj,M
BedSet_07_15.obj,OB
BedSet_07_16.obj,M
BedSet_07_18.obj,OB
BedSet_07_19.obj,M
BedSet_07_20.obj,M
BedSet_07_21.obj,M
BedSet_07_22.obj,M
BedSet_07_23.obj,M
BedSet_07_24.obj,M
BedSet_07_25.obj,M
BedSet_07_26.obj,M
BedSet_07_27.obj,OB
BedSet_08_01.obj,M
BedSet_08_02.obj,M
BedSet_08_03.obj,OB
BedSet_08_04.obj,OB
BedSet_08_05.obj,OB
BedSet_08_06.obj,SL
BedSet_08_07.obj,SL
BedSet_08_08.obj,SL
BedSet_08_09.obj,SL
BedSet_08_10.obj,SL
BedSet_08_11.obj,SL
BedSet_09_01.obj,OB
BedSet_09_02.obj,OB
BedSet_09_03.obj,OB
BedSet_09_04.obj,OB
BedSet_09_05.obj,M
BedSet_09_06.obj,M
BedSet_09_07.obj,M
BedSet_09_08.obj,OB
BedSet_09_09.obj,OB
BedSet_09_10.obj,M
BedSet_09_11.obj,M
BedSet_09_12.obj,M
BedSet_09_13.obj,M
BedSet_09_14.obj,M
BedSet_09_15.obj,M
BedSet_09_16.obj,M
BedSet_09_17.obj,M
BedSet_09_18.obj,M
BedSet_09_19.obj,M
BedSet_09_20.obj,M
BedSet_09_21.obj,M
BedSet_09_22.obj,M
BedSet_09_23.obj,M
BedSet_09_24.obj,OB
BedSet_09_25.obj,M
BedSet_09_26.obj,M
BedSet_09_27.obj,M
BedSet_09_28.obj,M
BedSet_09_29.obj,M
BedSet_09_30.obj,OB
BedSet_09_31.obj,M
BedSet_09_32.obj,M
BedSet_09_33.obj,OB
BedSet_09_34.obj,OB
BedSet_09_35.obj,OB
BedSet_09_36.obj,OB
BedSet_09_37.obj,OB
BedSet_09_38.obj,OB
BedSet_09_39.obj,OB
BedSet_09_40.obj,OB
BedSet_09_41.obj,M
BedSet_09_42.obj,M
BedSet_09_43.obj,M
BedSet_09_44.obj,M
BedSet_09_45.obj,OB
BedSet_09_46.obj,OB
BedSet_09_47.obj,OB
BedSet_09_48.obj,OB
BedSet_09_49.obj,OB
BedSet_09_50.obj,M
BedSet_09_51.obj,M
BedSet_10_01.obj,OB
BedSet_10_02.obj,OB
BedSet_10_03.obj,OB
BedSet_10_04.obj,M
BedSet_10_05.obj,M
BedSet_10_06.obj,M
BedSet_10_07.obj,M
BedSet_10_08.obj,M
BedSet_10_09.obj,M
BedSet_10_10.obj,M
BedSet_10_11.obj,M
BedSet_10_12.obj,M
BedSet_10_13.obj,M
BedSet_10_14.obj,M
BedSet_10_15.obj,M
BedSet_10_16.obj,M
BedSet_10_17.obj,M
BedSet_10_18.obj,M
BedSet_10_19.obj,M
BedSet_10_20.obj,M
BedSet_10_21.obj,M
BedSet_10_22.obj,M
BedSet_10_23.obj,M
BedSet_10_24.obj,M
BedSet_10_25.obj,M
BedSet_10_26.obj,M
BedSet_10_27.obj,M
BedSet_10_28.obj,M
BedSet_10_29.obj,M
BedSet_10_30.obj,M
BedSet_10_31.obj,M
BedSet_10_32.obj,M
BedSet_10_33.obj,CA
BedSet_10_34.obj,M
BedSet_10_35.obj,M
BedSet_10_36.obj,M
BedSet_10_37.obj,M
BedSet_10_38.obj,M
BedSet_10_39.obj,M
BedSet_10_40.obj,CA
BedSet_10_41.obj,M
BedSet_10_42.obj,M
BedSet_10_43.obj,M
BedSet_10_44.obj,M
BedSet_10_45.obj,M
BedSet_10_46.obj,OB
BedSet_10_47.obj,OB
BedSet_11_01.obj,OB
BedSet_11_02.obj,OB
BedSet_11_03.obj,OB
BedSet_11_04.obj,M
BedSet_11_05.obj,M
BedSet_11_06.obj,M
BedSet_11_07.obj,M
BedSet_11_08.obj,M
BedSet_11_09.obj,M
BedSet_11_10.obj,M
BedSet_11_11.obj,M
BedSet_11_12.obj,M
BedSet_11_13.obj,M
BedSet_11_14.obj,M
BedSet_11_15.obj,M
BedSet_11_16.obj,M
BedSet_11_17.obj,M
BedSet_11_18.obj,M
BedSet_11_19.obj,M
BedSet_11_20.obj,M
BedSet_11_21.obj,M
BedSet_11_22.obj,M
BedSet_11_23.obj,M
BedSet_11_24.obj,M
BedSet_11_25.obj,M
BedSet_11_26.obj,OB
BedSet_11_27.obj,M
BedSet_11_28.obj,M
BedSet_11_29.obj,M
BedSet_11_30.obj,M
BedSet_11_31.obj,M
BedSet_11_32.obj,M
BedSet_11_33.obj,M
BedSet_11_34.obj,M
BedSet_11_35.obj,M
BedSet_11_36.obj,M
BedSet_11_37.obj,M
BedSet_11_38.obj,M
BedSet_11_39.obj,M
BedSet_11_40.obj,M
BedSet_11_41.obj,M
BedSet_11_42.obj,M
BedSet_11_43.obj,M
BedSet_11_44.obj,M
BedSet_11_45.obj,M
BedSet_11_46.obj,M
BedSet_11_47.obj,M
BedSet_11_48.obj,M
BedSet_11_49.obj,M
BedSet_11_50.obj,M
BedSet_11_51.obj,CA
BedSet_11_52.obj,M
BedSet_11_53.obj,SL
BedSet_12_01.obj,OB
BedSet_12_02.obj,OB
BedSet_12_03.obj,OB
BedSet_12_04.obj,M
BedSet_12_05.obj,M
BedSet_12_06.obj,M
BedSet_12_07.obj,M
BedSet_12_08.obj,M
BedSet_12_09.obj,OB
BedSet_12_10.obj,OB
BedSet_12_11.obj,OB
BedSet_13_01.obj,OB
BedSet_13_02.obj,OB
BedSet_13_03.obj,OB
BedSet_13_04.obj,M
BedSet_13_05.obj,M
BedSet_13_06.obj,M
BedSet_13_07.obj,M
BedSet_13_08.obj,M
BedSet_13_09.obj,M
BedSet_13_10.obj,M
BedSet_13_11.obj,M
BedSet_14_01.obj,SL
BedSet_14_02.obj,M
BedSet_14_03.obj,CA
BedSet_14_04.obj,M
BedSet_14_05.obj,M
BedSet_14_06.obj,M
BedSet_14_07.obj,M
BedSet_14_08.obj,M
BedSet_14_09.obj,M
BedSet_14_10.obj,M
BedSet_14_11.obj,M
BedSet_14_12.obj,M
BedSet_14_13.obj,M
BedSet_14_14.obj,M
BedSet_14_15.obj,M
BedSet_14_16.obj,M
BedSet_14_17.obj,M
BedSet_14_18.obj,M
BedSet_14_19.obj,M
BedSet_14_20.obj,M
BedSet_14_21.obj,M
BedSet_14_22.obj,M
BedSet_14_23.obj,M
BedSet_14_24.obj,M
BedSet_14_25.obj,M
BedSet_14_26.obj,M
BedSet_14_27.obj,M
BedSet_14_28.obj,OB
BedSet_14_29.obj,M
BedSet_14_30.obj,M
BedSet_14_31.obj,M
BedSet_14_32.obj,M
BedSet_14_33.obj,M
BedSet_14_34.obj,M
BedSet_14_35.obj,M
BedSet_14_36.obj,M
BedSet_14_37.obj,M
BedSet_14_38.obj,M
BedSet_14_39.obj,M
BedSet_14_40.obj,M
BedSet_14_41.obj,M
BedSet_14_42.obj,M
BedSet_14_43.obj,M
BedSet_14_44.obj,M
BedSet_14_45.obj,M
BedSet_14_46.obj,M
BedSet_14_47.obj,M
BedSet_14_48.obj,M
BedSet_14_49.obj,M
BedSet_14_50.obj,M
BedSet_14_51.obj,CA
BedSet_14_52.obj,CA
BedSet_14_53.obj,CA
BedSet_15_01.obj,OB
BedSet_15_02.obj,OB
BedSet_15_03.obj,M
BedSet_15_04.obj,M
BedSet_15_05.obj,M
BedSet_15_06.obj,M
BedSet_15_07.obj,M
BedSet_15_08.obj,CA
BedSet_15_09.obj,M
BedSet_15_10.obj,M
BedSet_15_11.obj,M
BedSet_15_12.obj,M
BedSet_15_13.obj,M
BedSet_15_14.obj,M
BedSet_15_15.obj,CA
BedSet_15_16.obj,M
BedSet_15_17.obj,M
BedSet_15_18.obj,M
BedSet_15_19.obj,M
BedSet_15_20.obj,M
BedSet_15_21.obj,M
BedSet_15_22.obj,M
BedSet_15_23.obj,M
BedSet_15_24.obj,M
BedSet_15_25.obj,M
BedSet_15_26.obj,M
BedSet_15_27.obj,M
BedSet_15_28.obj,M
BedSet_15_29.obj,M
BedSet_15_30.obj,M
BedSet_15_31.obj,M
BedSet_15_32.obj,M
BedSet_15_33.obj,M
BedSet_15_34.obj,M
BedSet_15_35.obj,M
BedSet_15_36.obj,M
BedSet_15_37.obj,M
BedSet_15_38.obj,M
BedSet_15_39.obj,M
BedSet_15_40.obj,M
BedSet_15_41.obj,M
BedSet_15_42.obj,M
BedSet_15_43.obj,OB
BedSet_15_44.obj,CA
BedSet_15_45.obj,CA
BedSet_15_46.obj,CA
BedSet_15_47.obj,CA
BedSet_16_01.obj,OB
BedSet_16_02.obj,OB
BedSet_16_03.obj,OB
BedSet_16_04.obj,OB
BedSet_16_05.obj,OB
BedSet_16_06.obj,OB
BedSet_16_07.obj,OB
BedSet_16_08.obj,OB
BedSet_16_09.obj,OB
BedSet_16_10.obj,OB
BedSet_16_11.obj,OB
BedSet_16_12.obj,OB
BedSet_16_13.obj,OB
BedSet_16_14.obj,OB
BedSet_16_15.obj,OB
BedSet_16_16.obj,OB
BedSet_16_17.obj,OB
BedSet_16_18.obj,OB
BedSet_16_19.obj,OB
BedSet_16_20.obj,M
BedSet_16_21.obj,M
BedSet_16_22.obj,OB
BedSet_16_23.obj,M
BedSet_16_24.obj,M
BedSet_16_25.obj,M
BedSet_16_26.obj,M
BedSet_16_27.obj,M
BedSet_16_28.obj,OB
BedSet_16_29.obj,M
BedSet_16_30.obj,M
BedSet_16_31.obj,M
BedSet_16_32.obj,M
BedSet_16_33.obj,M
BedSet_16_34.obj,M
BedSet_16_35.obj,M
BedSet_16_36.obj,M
BedSet_16_37.obj,M
BedSet_16_38.obj,M
BedSet_16_39.obj,M
BedSet_16_40.obj,M
BedSet_16_41.obj,M
BedSet_16_42.obj,M
BedSet_16_43.obj,OB
BedSet_16_44.obj,OB
BedSet_16_45.obj,M
BedSet_16_46.obj,M
BedSet_16_47.obj,M
BedSet_16_48.obj,OB
BedSet_16_49.obj,OB
BedSet_16_50.obj,OB
BedSet_16_51.obj,OB
BedSet_17_01.obj,OB
BedSet_17_02.obj,OB
BedSet_17_03.obj,M
BedSet_17_04.obj,M
BedSet_17_05.obj,M
BedSet_17_06.obj,M
BedSet_17_07.obj,M
BedSet_17_08.obj,M
BedSet_17_09.obj,OB
BedSet_17_10.obj,M
BedSet_17_11.obj,M
BedSet_17_12.obj,M
BedSet_17_13.obj,M
BedSet_17_14.obj,M
BedSet_17_15.obj,M
BedSet_17_16.obj,M
BedSet_17_17.obj,OB
BedSet_17_18.obj,OB
BedSet_17_19.obj,OB
BedSet_17_20.obj,OB
BedSet_17_21.obj,OB
BedSet_17_22.obj,OB
BedSet_17_23.obj,OB
BedSet_17_24.obj,OB
BedSet_17_25.obj,OB
BedSet_17_26.obj,M
BedSet_17_27.obj,M
BedSet_17_28.obj,OB
BedSet_17_29.obj,OB
BedSet_17_30.obj,M
BedSet_17_31.obj,M
BedSet_17_32.obj,M
BedSet_17_33.obj,OB
BedSet_17_34.obj,M
BedSet_17_35.obj,M
BedSet_17_36.obj,M
BedSet_17_37.obj,M
BedSet_17_38.obj,OB
BedSet_17_39.obj,M
BedSet_17_40.obj,M
BedSet_17_41.obj,M
BedSet_17_42.obj,M
BedSet_17_43.obj,M
BedSet_17_44.obj,M
BedSet_17_45.obj,M
BedSet_17_46.obj,M
BedSet_17_47.obj,M
BedSet_17_48.obj,M
BedSet_17_49.obj,OB
BedSet_17_50.obj,OB
BedSet_17_51.obj,OB
BedSet_18_01.obj,M
BedSet_18_02.obj,OB
BedSet_18_03.obj,M
BedSet_18_04.obj,M
BedSet_18_05.obj,M
BedSet_18_06.obj,M
BedSet_18_07.obj,M
BedSet_18_08.obj,M
BedSet_18_09.obj,M
BedSet_18_10.obj,M
BedSet_18_11.obj,M
BedSet_18_12.obj,OB
BedSet_18_13.obj,OB
BedSet_19_01.obj,M
BedSet_19_02.obj,M
BedSet_19_03.obj,M
BedSet_19_04.obj,M
BedSet_19_05.obj,M
BedSet_19_06.obj,M
BedSet_19_07.obj,M
BedSet_19_08.obj,M
BedSet_19_09.obj,M
BedSet_19_10.obj,M
BedSet_19_11.obj,M
BedSet_19_12.obj,M
BedSet_19_13.obj,M
BedSet_19_14.obj,M
BedSet_19_15.obj,M
BedSet_19_16.obj,M
BedSet_19_17.obj,M
BedSet_19_18.obj,OB
BedSet_19_19.obj,OB
BedSet_19_20.obj,OB
BedSet_19_21.obj,M
BedSet_19_22.obj,M
BedSet_19_23.obj,M
BedSet_19_24.obj,M
BedSet_19_25.obj,M
BedSet_19_26.obj,M
BedSet_19_27.obj,M
BedSet_19_28.obj,M
BedSet_19_29.obj,M
BedSet_19_30.obj,M
BedSet_19_31.obj,M
BedSet_19_32.obj,M
BedSet_19_33.obj,M
BedSet_19_34.obj,M
BedSet_19_35.obj,M
BedSet_20_01.obj,OB
BedSet_20_02.obj,OB
BedSet_20_03.obj,OB
BedSet_20_04.obj,CA
BedSet_20_05.obj,CA
BedSet_20_06.obj,CA
BedSet_20_07.obj,CA
BedSet_20_08.obj,OB
Cabinet_01_01.obj,OB
Cabinet_01_02.obj,OB
Cabinet_01_03.obj,OB
Cabinet_01_04.obj,OB
Cabinet_01_05.obj,M
Cabinet_01_06.obj,M
Cabinet_01_07.obj,M
Cabinet_01_08.obj,OB
Cabinet_01_09.obj,OB
Cabinet_01_10.obj,M
Cabinet_01_11.obj,OB
Cabinet_01_12.obj,OB
Cabinet_01_13.obj,OB
Cabinet_01_14.obj,M
Cabinet_01_15.obj,M
Cabinet_01_16.obj,OB
Cabinet_01_17.obj,M
Cabinet_01_18.obj,M
Cabinet_02_01.obj,OB
Cabinet_02_02.obj,OB
Cabinet_02_03.obj,M
Cabinet_02_04.obj,M
Cabinet_02_05.obj,OB
Cabinet_02_06.obj,OB
Cabinet_02_07.obj,OB
Cabinet_02_08.obj,OB
Cabinet_02_09.obj,M
Cabinet_02_10.obj,M
Cabinet_02_11.obj,OB
Cabinet_02_12.obj,OB
Cabinet_02_13.obj,OB
Cabinet_02_14.obj,OB
Cabinet_02_15.obj,OB
Cabinet_02_16.obj,OB
Cabinet_02_17.obj,OB
Cabinet_03_01.obj,M
Cabinet_03_02.obj,M
Cabinet_03_03.obj,M
Cabinet_03_04.obj,M
Cabinet_03_05.obj,M
Cabinet_03_06.obj,M
Cabinet_03_07.obj,M
Cabinet_03_08.obj,M
Cabinet_03_09.obj,M
Cabinet_03_10.obj,M
Cabinet_03_11.obj,M
Cabinet_03_12.obj,M
Cabinet_03_13.obj,M
Cabinet_03_14.obj,M
Cabinet_03_15.obj,M
Cabinet_03_16.obj,M
Cabinet_03_17.obj,M
Cabinet_03_18.obj,M
Cabinet_03_19.obj,M
Cabinet_03_20.obj,M
Cabinet_03_21.obj,M
Cabinet_03_22.obj,M
Cabinet_03_23.obj,M
Cabinet_03_24.obj,M
Cabinet_04_01.obj,OB
Cabinet_04_02.obj,OB
Cabinet_04_03.obj,M
Cabinet_04_04.obj,OB
Cabinet_04_05.obj,OB
Cabinet_04_06.obj,M
Cabinet_04_07.obj,M
Cabinet_04_08.obj,M
Cabinet_04_09.obj,OB
Cabinet_04_10.obj,OB
Cabinet_04_11.obj,OB
Cabinet_04_12.obj,OB
Cabinet_05_01.obj,OB
Cabinet_05_02.obj,OB
Cabinet_05_03.obj,OB
Cabinet_05_04.obj,OB
Cabinet_05_05.obj,OB
Cabinet_05_06.obj,OB
Cabinet_05_07.obj,OB
Cabinet_06_01.obj,M
Cabinet_06_02.obj,M
Cabinet_06_03.obj,CA
Cabinet_06_05.obj,OB
Cabinet_06_06.obj,M
Cabinet_06_07.obj,M
Cabinet_06_08.obj,OB
Cabinet_06_09.obj,M
Cabinet_06_10.obj,M
Cabinet_06_11.obj,OB
Cabinet_06_12.obj,OB
Cabinet_06_13.obj,OB
Cabinet_06_14.obj,OB
Cabinet_06_15.obj,M
Cabinet_06_16.obj,M
Cabinet_06_17.obj,M
Cabinet_07_01.obj,OB
Cabinet_07_02.obj,OB
Cabinet_07_03.obj,OB
Cabinet_07_04.obj,OB
Cabinet_07_05.obj,OB
Cabinet_07_06.obj,OB
Cabinet_07_07.obj,OB
Cabinet_07_08.obj,OB
Cabinet_07_09.obj,OB
Cabinet_07_10.obj,OB
Cabinet_07_11.obj,OB
Cabinet_07_12.obj,OB
Cabinet_07_13.obj,OB
Cabinet_07_14.obj,OB
Cabinet_07_15.obj,OB
Cabinet_07_16.obj,OB
Cabinet_07_17.obj,OB
Cabinet_07_18.obj,OB
Cabinet_07_19.obj,OB
Cabinet_07_20.obj,OB
Cabinet_07_21.obj,OB
Cabinet_08_01.obj,M
Cabinet_08_02.obj,M
Cabinet_08_03.obj,OB
Cabinet_08_04.obj,OB
Cabinet_08_05.obj,OB
Cabinet_08_06.obj,OB
Cabinet_09_01.obj,OB
Cabinet_09_02.obj,OB
Cabinet_09_03.obj,OB
Cabinet_09_04.obj,OB
Cabinet_09_05.obj,OB
Cabinet_09_06.obj,OB
Cabinet_09_07.obj,OB
Cabinet_09_08.obj,OB
Cabinet_09_09.obj,OB
Cabinet_09_10.obj,OB
Cabinet_09_11.obj,OB
Cabinet_09_12.obj,OB
Cabinet_09_13.obj,OB
Cabinet_09_14.obj,OB
Cabinet_09_15.obj,OB
Cabinet_09_16.obj,OB
Cabinet_09_17.obj,OB
Cabinet_09_18.obj,OB
Cabinet_09_19.obj,OB
Cabinet_10_01.obj,OB
Cabinet_10_02.obj,OB
Cabinet_10_03.obj,OB
Cabinet_10_04.obj,OB
Cabinet_10_05.obj,OB
Cabinet_10_06.obj,OB
Cabinet_10_07.obj,OB
Cabinet_11_01.obj,OB
Cabinet_11_02.obj,OB
Cabinet_11_03.obj,OB
Cabinet_11_04.obj,OB
Cabinet_11_05.obj,OB
Cabinet_11_06.obj,OB
Cabinet_11_07.obj,OB
Cabinet_11_08.obj,OB
Cabinet_12_01.obj,OB
Cabinet_12_02.obj,OB
Cabinet_12_03.obj,OB
Cabinet_12_04.obj,OB
Cabinet_12_05.obj,OB
Cabinet_12_06.obj,OB
Cabinet_12_07.obj,OB
Cabinet_13_01.obj,M
Cabinet_13_02.obj,OB
Cabinet_13_03.obj,OB
Cabinet_13_04.obj,OB
Cabinet_13_05.obj,OB
Cabinet_13_06.obj,OB
Cabinet_13_07.obj,OB
Cabinet_13_08.obj,M
Cabinet_13_09.obj,OB
Cabinet_14_01.obj,M
Cabinet_14_02.obj,M
Cabinet_14_03.obj,OB
Cabinet_14_04.obj,OB
Cabinet_14_05.obj,OB
Cabinet_14_06.obj,OB
Cabinet_14_07.obj,OB
Cabinet_14_08.obj,OB
Cabinet_14_09.obj,OB
Cabinet_15_01.obj,OB
Cabinet_15_02.obj,OB
Cabinet_15_03.obj,OB
Cabinet_15_04.obj,CA
Cabinet_15_05.obj,CA
Cabinet_15_06.obj,CA
Cabinet_15_09.obj,OB
Cabinet_15_10.obj,M
Cabinet_15_11.obj,M
Cabinet_15_12.obj,M
Cabinet_15_13.obj,M
Cabinet_15_14.obj,M
Cabinet_15_15.obj,OB
Cabinet_15_16.obj,OB
Cabinet_15_17.obj,OB
Cabinet_15_18.obj,M
Cabinet_15_19.obj,OB
Cabinet_15_20.obj,OB
Cabinet_16_01.obj,OB
Cabinet_16_02.obj,OB
Cabinet_16_03.obj,OB
Cabinet_16_04.obj,OB
Cabinet_16_05.obj,OB
Cabinet_16_06.obj,OB
Cabinet_16_07.obj,OB
Cabinet_16_08.obj,OB
Cabinet_16_09.obj,OB
Cabinet_16_10.obj,OB
Cabinet_16_11.obj,OB
Cabinet_16_12.obj,OB
Cabinet_17_01.obj,OB
Cabinet_17_02.obj,OB
Cabinet_17_03.obj,OB
Cabinet_17_04.obj,OB
Cabinet_17_05.obj,OB
Cabinet_17_06.obj,OB
Cabinet_17_07.obj,OB
Cabinet_17_08.obj,OB
Cabinet_17_09.obj,OB
Cabinet_17_10.obj,OB
Cabinet_17_11.obj,OB
Cabinet_17_12.obj,OB
Cabinet_17_13.obj,OB
Cabinet_17_14.obj,OB
Cabinet_17_15.obj,OB
Cabinet_17_16.obj,OB
Cabinet_17_17.obj,OB
Cabinet_17_18.obj,OB
Cabinet_17_19.obj,OB
Cabinet_17_20.obj,OB
Cabinet_18_01.obj,OB
Cabinet_18_02.obj,OB
Cabinet_18_03.obj,OB
Cabinet_18_04.obj,OB
Cabinet_18_05.obj,OB
Cabinet_18_06.obj,OB
Cabinet_18_07.obj,OB
Cabinet_18_08.obj,OB
Cabinet_18_09.obj,OB
Cabinet_18_10.obj,OB
Cabinet_18_11.obj,OB
Cabinet_18_12.obj,OB
Cabinet_18_13.obj,OB
Cabinet_18_14.obj,OB
Cabinet_18_15.obj,OB
Cabinet_18_16.obj,OB
Cabinet_18_17.obj,OB
Cabinet_18_18.obj,OB
Cabinet_18_19.obj,OB
Cabinet_18_20.obj,OB
Cabinet_18_21.obj,OB
Cabinet_18_22.obj,OB
Cabinet_18_23.obj,OB
Cabinet_18_24.obj,OB
Cabinet_18_25.obj,OB
Cabinet_18_26.obj,OB
Cabinet_18_27.obj,OB
Cabinet_18_28.obj,OB
Cabinet_18_29.obj,OB
Cabinet_18_30.obj,OB
Cabinet_18_31.obj,OB
Cabinet_18_32.obj,OB
Cabinet_18_33.obj,OB
Cabinet_18_34.obj,OB
Cabinet_18_35.obj,OB
Cabinet_18_36.obj,OB
Cabinet_19_01.obj,OB
Cabinet_19_02.obj,OB
Cabinet_19_03.obj,OB
Cabinet_19_04.obj,OB
Cabinet_19_05.obj,OB
Cabinet_19_06.obj,OB
Cabinet_19_07.obj,OB
Cabinet_19_08.obj,OB
Cabinet_19_09.obj,OB
Cabinet_20_01.obj,OB
Cabinet_20_02.obj,OB
Cabinet_20_03.obj,OB
Cabinet_20_04.obj,OB
Cabinet_20_05.obj,OB
Cabinet_20_06.obj,SL
Cabinet_20_07.obj,SL
Cabinet_20_08.obj,SL
Cabinet_20_09.obj,SL
Cabinet_20_10.obj,OB
Cabinet_20_11.obj,OB
Cabinet_20_12.obj,OB
Chair_001_01.obj,M
Chair_001_02.obj,M
Chair_001_03.obj,M
Chair_001_04.obj,M
Chair_001_05.obj,M
Chair_001_06.obj,M
Chair_001_07.obj,M
Chair_001_08.obj,M
Chair_001_09.obj,M
Chair_001_10.obj,M
Chair_001_11.obj,M
Chair_001_12.obj,M
Chair_001_13.obj,M
Chair_001_14.obj,M
Chair_001_15.obj,M
Chair_001_16.obj,M
Chair_001_17.obj,M
Chair_001_18.obj,M
Chair_001_19.obj,M
Chair_001_20.obj,M
Chair_001_21.obj,M
Chair_001_22.obj,M
Chair_001_23.obj,M
Chair_001_24.obj,M
Chair_001_25.obj,M
Chair_001_26.obj,M
Chair_001_27.obj,M
Chair_002_01.obj,SL
Chair_002_02.obj,M
Chair_002_03.obj,M
Chair_002_04.obj,M
Chair_002_05.obj,M
Chair_002_06.obj,OB
Chair_002_07.obj,M
Chair_002_08.obj,M
Chair_002_09.obj,M
Chair_002_10.obj,M
Chair_011_01.obj,CA
Chair_011_02.obj,SL
Chair_011_03.obj,SL
Chair_011_04.obj,SL
Chair_011_05.obj,SL
Chair_011_06.obj,M
Chair_011_07.obj,M
Chair_011_08.obj,M
Chair_011_09.obj,M
Chair_011_10.obj,M
Chair_011_11.obj,CA
Chair_015_01.obj,CA
Chair_015_02.obj,M
Chair_015_03.obj,M
Chair_015_04.obj,SL
Chair_015_05.obj,M
Chair_015_06.obj,M
Chair_015_07.obj,M
Chair_015_08.obj,M
Chair_015_09.obj,M
Chair_015_10.obj,M
Chair_018_01.obj,SL
Chair_018_02.obj,M
Chair_018_03.obj,M
Chair_018_04.obj,M
Chair_018_05.obj,M
Chair_018_06.obj,M
Chair_018_07.obj,M
Chair_018_08.obj,M
Chair_018_09.obj,M
Chair_019_01.obj,OB
Chair_019_02.obj,OB
Chair_019_03.obj,OB
Chair_019_04.obj,OB
Chair_019_05.obj,OB
Chair_019_06.obj,OB
Chair_019_07.obj,OB
Chair_019_08.obj,OB
Chair_019_09.obj,M
Chair_019_10.obj,M
Chair_019_11.obj,M
Chair_019_12.obj,M
Chair_019_13.obj,M
Chair_019_14.obj,M
Chair_023_01.obj,SL
Chair_023_02.obj,CA
Chair_023_03.obj,CA
Chair_023_04.obj,SL
Chair_023_05.obj,CA
Chair_023_06.obj,M
Chair_023_07.obj,M
Chair_023_08.obj,M
Chair_023_09.obj,M
Chair_023_10.obj,CA
Chair_026_01.obj,SL
Chair_026_02.obj,SL
Chair_026_03.obj,SL
Chair_026_04.obj,M
Chair_026_05.obj,M
Chair_026_06.obj,M
Chair_026_07.obj,SL
Chair_026_08.obj,SL
Chair_027_01.obj,SL
Chair_027_02.obj,M
Chair_027_03.obj,M
Chair_027_04.obj,SL
Chair_027_05.obj,M
Chair_027_06.obj,M
Chair_027_07.obj,M
Chair_027_08.obj,M
Chair_027_09.obj,M
Chair_027_10.obj,M
Chair_027_11.obj,M
Chair_027_12.obj,M
Chair_028_01.obj,M
Chair_028_02.obj,M
Chair_028_03.obj,M
Chair_028_04.obj,M
Chair_028_05.obj,M
Chair_028_06.obj,SL
Chair_028_07.obj,M
Chair_028_08.obj,M
Chair_029_01.obj,SL
Chair_029_02.obj,SL
Chair_029_03.obj,M
Chair_029_04.obj,M
Chair_029_05.obj,M
Chair_029_06.obj,M
Chair_029_07.obj,M
Chair_029_08.obj,M
Chair_029_09.obj,M
Chair_029_10.obj,M
Chair_029_11.obj,M
Chair_029_12.obj,M
Chair_029_13.obj,M
Chair_029_14.obj,M
Chair_032_01.obj,CA
Chair_032_02.obj,M
Chair_032_03.obj,M
Chair_032_04.obj,SL
Chair_032_05.obj,M
Chair_032_06.obj,M
Chair_032_07.obj,M
Chair_032_08.obj,M
Chair_032_09.obj,OB
Chair_032_10.obj,M
Chair_053_01.obj,CA
Chair_053_02.obj,CA
Chair_053_03.obj,CA
Chair_053_04.obj,SL
Chair_053_05.obj,M
Chair_053_06.obj,M
Chair_053_07.obj,M
Chair_053_08.obj,M
Chair_053_09.obj,M
Chair_053_10.obj,M
Chair_053_11.obj,M
Chair_053_12.obj,M
Chair_053_13.obj,M
Chair_053_14.obj,M
Chair_053_15.obj,M
Chair_053_16.obj,CA
Chair_055_01.obj,SL
Chair_055_02.obj,SL
Chair_055_03.obj,M
Chair_055_04.obj,M
Chair_055_05.obj,M
Chair_055_06.obj,M
Chair_064_01.obj,SL
Chair_064_02.obj,SL
Chair_064_03.obj,M
Chair_064_04.obj,M
Chair_064_05.obj,M
Chair_064_06.obj,M
Chair_064_07.obj,M
Chair_064_08.obj,M
Chair_066_01.obj,M
Chair_066_02.obj,M
Chair_066_03.obj,M
Chair_066_04.obj,M
Chair_066_05.obj,M
Chair_066_06.obj,M
Chair_066_07.obj,M
Chair_066_08.obj,M
Chair_066_09.obj,M
Chair_066_10.obj,M
Chair_066_11.obj,M
Chair_066_12.obj,SL
Chair_066_13.obj,CA
Chair_066_14.obj,M
Chair_066_15.obj,M
Chair_066_16.obj,M
Chair_066_17.obj,M
Chair_066_18.obj,M
Chair_066_19.obj,SL
Chair_066_20.obj,SL
Chair_066_21.obj,SL
Chair_066_22.obj,SL
Chair_066_23.obj,SL
Chair_076_01.obj,OB
Chair_076_02.obj,OB
Chair_076_03.obj,OB
Chair_076_04.obj,OB
Chair_076_05.obj,OB
Chair_076_06.obj,OB
Chair_076_07.obj,SL
Chair_076_08.obj,SL
Chair_076_09.obj,SL
Chair_076_10.obj,SL
Chair_085_01.obj,CA
Chair_085_02.obj,SL
Chair_085_03.obj,CA
Chair_085_04.obj,CA
Chair_095_01.obj,M
Chair_095_02.obj,SL
Chair_095_03.obj,SL
Chair_095_04.obj,M
Chair_138_01.obj,SL
Chair_138_02.obj,OB
Chair_138_03.obj,M
Chair_138_04.obj,M
Chair_138_05.obj,M
Chair_138_06.obj,M
Chair_171_01.obj,M
Chair_171_02.obj,M
Chair_171_03.obj,M
Chair_171_04.obj,M
Chair_171_05.obj,M
Chair_171_06.obj,OB
Chair_171_07.obj,M
Chair_171_08.obj,M
Chair_171_09.obj,M
Chair_171_10.obj,M
Chair_171_11.obj,M
Chair_171_12.obj,M
Chair_244_01.obj,SL
Chair_244_02.obj,OB
Chair_244_03.obj,M
Chair_244_04.obj,M
Chair_244_05.obj,M
Chair_244_06.obj,M
Chair_244_07.obj,M
Chair_244_08.obj,M
Chair_244_09.obj,M
Chair_244_10.obj,M
Chair_267_01.obj,CA
Chair_267_02.obj,SL
Chair_267_03.obj,SL
Chair_267_04.obj,SL
Chair_267_05.obj,M
Chair_267_06.obj,M
Chair_267_07.obj,M
Chair_267_08.obj,M
Chair_267_09.obj,CA
Sofa_01_01.obj,OB
Sofa_01_02.obj,OB
Sofa_01_03.obj,OB
Sofa_01_04.obj,CA
Sofa_01_05.obj,CA
Sofa_01_06.obj,CA
Sofa_01_07.obj,CA
Sofa_01_08.obj,OB
Sofa_01_09.obj,OB
Sofa_01_10.obj,OB
Sofa_01_11.obj,OB
Sofa_01_12.obj,OB
Sofa_01_13.obj,OB
Sofa_01_14.obj,OB
Sofa_01_15.obj,OB
Sofa_02_01.obj,OB
Sofa_02_02.obj,OB
Sofa_02_03.obj,OB
Sofa_02_04.obj,OB
Sofa_02_05.obj,OB
Sofa_02_06.obj,OB
Sofa_02_07.obj,OB
Sofa_02_08.obj,OB
Sofa_02_09.obj,OB
Sofa_02_10.obj,OB
Sofa_02_11.obj,OB
Sofa_02_12.obj,OB
Sofa_02_13.obj,OB
Sofa_03_01.obj,OB
Sofa_03_02.obj,OB
Sofa_03_03.obj,OB
Sofa_03_04.obj,OB
Sofa_03_05.obj,OB
Sofa_03_06.obj,OB
Sofa_03_07.obj,CA
Sofa_03_08.obj,OB
Sofa_03_09.obj,SL
Sofa_03_10.obj,SL
Sofa_03_11.obj,SL
Sofa_03_12.obj,SL
Sofa_03_13.obj,SL
Sofa_03_14.obj,SL
Sofa_03_15.obj,SL
Sofa_03_16.obj,SL
Sofa_03_17.obj,SL
Sofa_03_18.obj,SL
Sofa_03_19.obj,SL
Sofa_03_20.obj,OB
Sofa_04_01.obj,M
Sofa_04_02.obj,M
Sofa_04_03.obj,M
Sofa_04_04.obj,M
Sofa_04_05.obj,OB
Sofa_04_06.obj,OB
Sofa_04_08.obj,OB
Sofa_04_09.obj,OB
Sofa_04_10.obj,OB
Sofa_04_11.obj,OB
Sofa_04_12.obj,OB
Sofa_04_13.obj,OB
Sofa_05_01.obj,OB
Sofa_05_02.obj,CA
Sofa_05_03.obj,OB
Sofa_05_04.obj,CA
Sofa_05_05.obj,M
Sofa_05_06.obj,SL
Sofa_05_07.obj,SL
Sofa_05_08.obj,SL
Sofa_05_09.obj,SL
Sofa_05_10.obj,SL
Sofa_05_11.obj,OB
Sofa_05_12.obj,OB
Sofa_05_13.obj,CA
Sofa_06_01.obj,SL
Sofa_06_02.obj,SL
Sofa_06_03.obj,SL
Sofa_06_04.obj,SL
Sofa_06_05.obj,SL
Sofa_06_06.obj,OB
Sofa_06_07.obj,SL
Sofa_06_08.obj,OB
Sofa_06_09.obj,OB
Sofa_06_10.obj,OB
Sofa_06_11.obj,OB
Sofa_06_12.obj,OB
Sofa_06_13.obj,OB
Sofa_06_14.obj,OB
Sofa_07_01.obj,OB
Sofa_07_02.obj,OB
Sofa_07_03.obj,OB
Sofa_07_04.obj,OB
Sofa_07_05.obj,OB
Sofa_07_06.obj,OB
Sofa_07_07.obj,OB
Sofa_07_08.obj,OB
Sofa_07_09.obj,OB
Sofa_07_10.obj,OB
Sofa_07_11.obj,OB
Sofa_07_12.obj,OB
Sofa_07_13.obj,OB
Sofa_07_14.obj,OB
Sofa_07_15.obj,OB
Sofa_08_01.obj,OB
Sofa_08_02.obj,OB
Sofa_08_03.obj,OB
Sofa_08_04.obj,OB
Sofa_08_05.obj,OB
Sofa_08_06.obj,OB
Sofa_08_07.obj,OB
Sofa_08_08.obj,OB
Sofa_08_09.obj,OB
Sofa_08_10.obj,OB
Sofa_08_11.obj,OB
Sofa_08_12.obj,OB
Sofa_08_13.obj,OB
Sofa_08_14.obj,OB
Sofa_08_15.obj,OB
Sofa_08_16.obj,OB
Sofa_08_17.obj,OB
Sofa_09_01.obj,OB
Sofa_09_02.obj,OB
Sofa_09_03.obj,OB
Sofa_09_04.obj,OB
Sofa_09_05.obj,OB
Sofa_09_06.obj,OB
Sofa_09_07.obj,M
Sofa_09_08.obj,M
Sofa_09_09.obj,M
Sofa_09_10.obj,M
Sofa_09_11.obj,OB
Sofa_09_12.obj,OB
Sofa_09_13.obj,OB
Sofa_09_14.obj,OB
Sofa_10_01.obj,OB
Sofa_10_02.obj,OB
Sofa_10_03.obj,OB
Sofa_10_04.obj,OB
Sofa_10_05.obj,OB
Sofa_10_06.obj,OB
Sofa_10_07.obj,OB
Sofa_10_08.obj,OB
Sofa_10_09.obj,OB
Sofa_10_10.obj,OB
Sofa_10_11.obj,OB
Sofa_10_12.obj,OB
Sofa_10_13.obj,OB
Sofa_10_14.obj,M
Sofa_11_01.obj,CA
Sofa_11_02.obj,OB
Sofa_11_03.obj,OB
Sofa_11_04.obj,OB
Sofa_11_05.obj,OB
Sofa_11_06.obj,M
Sofa_11_07.obj,M
Sofa_11_08.obj,CA
Sofa_12_01.obj,OB
Sofa_12_02.obj,OB
Sofa_12_03.obj,OB
Sofa_12_04.obj,OB
Sofa_12_05.obj,M
Sofa_12_06.obj,M
Sofa_12_07.obj,M
Sofa_12_08.obj,M
Sofa_13_01.obj,OB
Sofa_13_02.obj,OB
Sofa_13_03.obj,OB
Sofa_13_04.obj,OB
Sofa_13_05.obj,M
Sofa_13_06.obj,M
Sofa_13_07.obj,M
Sofa_13_08.obj,M
Sofa_14_01.obj,SL
Sofa_14_02.obj,M
Sofa_14_03.obj,M
Sofa_14_04.obj,OB
Sofa_14_05.obj,SL
Sofa_14_06.obj,M
Sofa_14_07.obj,M
Sofa_14_08.obj,CA
Sofa_15_01.obj,SL
Sofa_15_02.obj,SL
Sofa_15_03.obj,SL
Sofa_15_04.obj,SL
Sofa_15_05.obj,M
Sofa_15_06.obj,M
Sofa_15_07.obj,OB
Sofa_15_08.obj,OB
Sofa_15_09.obj,OB
Sofa_15_10.obj,OB
Sofa_15_11.obj,M
Sofa_15_12.obj,M
Sofa_15_13.obj,M
Sofa_15_14.obj,OB
Sofa_17_01.obj,CA
Sofa_17_02.obj,OB
Sofa_17_03.obj,OB
Sofa_17_04.obj,OB
Sofa_17_05.obj,OB
Sofa_17_06.obj,OB
Sofa_17_07.obj,OB
Sofa_17_08.obj,OB
Sofa_17_09.obj,OB
Sofa_17_10.obj,OB
Sofa_17_11.obj,M
Sofa_17_12.obj,OB
Sofa_17_13.obj,M
Sofa_17_14.obj,OB
Sofa_17_15.obj,OB
Sofa_17_16.obj,OB
Sofa_17_17.obj,OB
Sofa_18_01.obj,OB
Sofa_18_02.obj,OB
Sofa_18_03.obj,OB
Sofa_18_04.obj,OB
Sofa_18_05.obj,OB
Sofa_18_06.obj,OB
Sofa_18_07.obj,OB
Sofa_18_08.obj,OB
Sofa_18_09.obj,OB
Sofa_18_10.obj,OB
Sofa_19_01.obj,CA
Sofa_19_02.obj,OB
Sofa_19_03.obj,OB
Sofa_19_04.obj,OB
Sofa_19_05.obj,OB
Sofa_19_06.obj,OB
Sofa_19_07.obj,OB
Sofa_19_08.obj,OB
Sofa_19_09.obj,OB
Sofa_19_10.obj,OB
Sofa_19_11.obj,OB
Sofa_19_12.obj,SL
Sofa_19_13.obj,CA
Sofa_19_14.obj,CA
Sofa_20_01.obj,OB
Sofa_20_02.obj,SL
Sofa_20_03.obj,SL
Sofa_20_04.obj,OB
Sofa_20_05.obj,SL
Sofa_20_06.obj,SL
Sofa_20_07.obj,OB
Sofa_20_08.obj,OB
Sofa_20_09.obj,SL
Sofa_20_10.obj,SL
Sofa_20_11.obj,SL
Sofa_20_12.obj,SL
Sofa_22_01.obj,SL
Sofa_22_02.obj,SL
Sofa_22_03.obj,SL
Sofa_22_04.obj,OB
Sofa_22_05.obj,OB
Sofa_22_06.obj,OB
Sofa_22_07.obj,CA
Sofa_22_08.obj,CA
Sofa_22_09.obj,CA
Sofa_22_10.obj,OB  
Table_01_01.obj,SL
Table_01_02.obj,M
Table_01_03.obj,M
Table_01_04.obj,M
Table_01_05.obj,M
Table_01_06.obj,SL
Table_01_07.obj,M
Table_01_08.obj,M
Table_02_01.obj,M
Table_02_02.obj,M
Table_02_03.obj,M
Table_02_04.obj,SL
Table_02_05.obj,M
Table_02_06.obj,SL
Table_03_01.obj,M
Table_03_02.obj,M
Table_03_03.obj,M
Table_03_04.obj,M
Table_03_05.obj,SL
Table_04_01.obj,M
Table_04_02.obj,M
Table_04_03.obj,M
Table_04_04.obj,M
Table_04_05.obj,M
Table_04_06.obj,M
Table_04_07.obj,M
Table_04_08.obj,M
Table_04_09.obj,M
Table_04_10.obj,M
Table_04_11.obj,M
Table_04_12.obj,M
Table_04_13.obj,OB
Table_05_01.obj,M
Table_05_02.obj,M
Table_05_03.obj,M
Table_05_04.obj,M
Table_05_05.obj,M
Table_05_06.obj,M
Table_05_07.obj,OB
Table_05_08.obj,OB
Table_05_09.obj,M
Table_05_10.obj,M
Table_05_11.obj,M
Table_05_12.obj,M
Table_05_13.obj,M
Table_05_14.obj,OB
Table_05_15.obj,OB
Table_07_01.obj,M
Table_07_02.obj,SL
Table_07_03.obj,SL
Table_07_04.obj,M
Table_07_05.obj,M
Table_07_06.obj,M
Table_07_07.obj,M
Table_07_08.obj,M
Table_08_01.obj,M
Table_08_02.obj,M
Table_08_03.obj,M
Table_08_04.obj,M
Table_08_05.obj,M
Table_08_06.obj,OB
Table_08_07.obj,M
Table_08_08.obj,M
Table_08_09.obj,M
Table_09_01.obj,M
Table_09_02.obj,M
Table_09_03.obj,M
Table_09_04.obj,M
Table_09_05.obj,M
Table_09_06.obj,M
Table_09_07.obj,OB
Table_09_08.obj,M
Table_09_09.obj,OB
Table_09_10.obj,M
Table_09_11.obj,M
Table_09_12.obj,M
Table_10_01.obj,M
Table_10_02.obj,M
Table_10_03.obj,M
Table_10_04.obj,M
Table_10_05.obj,M
Table_10_06.obj,M
Table_10_07.obj,M
Table_10_08.obj,M
Table_10_09.obj,OB
Table_10_10.obj,M
Table_10_11.obj,M
Table_10_12.obj,M
Table_10_13.obj,M
Table_10_14.obj,M
Table_10_15.obj,M
Table_10_16.obj,M
Table_10_17.obj,M
Table_10_18.obj,M
Table_10_19.obj,M
Table_10_20.obj,OB
Table_10_21.obj,OB
Table_11_01.obj,M
Table_11_02.obj,M
Table_11_03.obj,M
Table_11_04.obj,M
Table_11_05.obj,M
Table_11_06.obj,OB
Table_11_07.obj,M
Table_11_08.obj,M
Table_11_09.obj,M
Table_11_10.obj,M
Table_11_11.obj,M
Table_11_12.obj,M
Table_11_13.obj,M
Table_12_01.obj,SL
Table_12_02.obj,M
Table_12_03.obj,SL
Table_12_04.obj,M
Table_12_05.obj,M
Table_13_01.obj,OB
Table_13_02.obj,M
Table_13_03.obj,OB
Table_13_04.obj,OB
Table_13_05.obj,OB
Table_13_06.obj,M
Table_13_07.obj,M
Table_13_08.obj,M
Table_13_09.obj,OB
Table_13_10.obj,OB
Table_13_11.obj,OB
Table_13_12.obj,OB
Table_13_13.obj,M
Table_13_14.obj,M
Table_13_15.obj,M
Table_13_16.obj,OB
Table_14_01.obj,OB
Table_14_02.obj,OB
Table_14_03.obj,OB
Table_14_04.obj,OB
Table_14_05.obj,OB
Table_14_06.obj,OB
Table_14_07.obj,SL
Table_14_08.obj,SL
Table_14_09.obj,OB
Table_14_10.obj,OB
Table_15_01.obj,M
Table_15_02.obj,M
Table_15_03.obj,OB
Table_15_04.obj,OB
Table_15_05.obj,M
Table_15_06.obj,M
Table_16_01.obj,M
Table_16_02.obj,M
Table_16_03.obj,M
Table_16_04.obj,SL
Table_16_05.obj,M
Table_16_06.obj,M
Table_16_07.obj,M
Table_16_08.obj,SL
Table_17_01.obj,OB
Table_17_02.obj,OB
Table_17_03.obj,OB
Table_17_04.obj,M
Table_17_05.obj,M
Table_17_06.obj,M
Table_17_07.obj,M
Table_17_08.obj,OB
Table_17_09.obj,OB
Table_17_10.obj,M
Table_17_11.obj,M
Table_17_12.obj,M
Table_17_13.obj,M
Table_18_01.obj,OB
Table_18_02.obj,M
Table_18_03.obj,M
Table_18_04.obj,M
Table_18_05.obj,M
Table_18_06.obj,M
Table_18_07.obj,M
Table_18_08.obj,M
Table_18_09.obj,M
Table_18_10.obj,M
Table_18_11.obj,M
Table_18_12.obj,M
Table_18_13.obj,M
Table_18_14.obj,OB
Table_19_01.obj,OB
Table_19_02.obj,OB
Table_19_03.obj,M
Table_19_04.obj,M
Table_19_05.obj,OB
Table_19_06.obj,M
Table_19_07.obj,M
Table_19_08.obj,OB
Table_20_01.obj,M
Table_20_02.obj,M
Table_20_03.obj,SL
