BedSet_02_01.obj,M
BedSet_02_02.obj,OB
BedSet_02_03.obj,OB
BedSet_02_04.obj,OB
BedSet_02_05.obj,M
BedSet_02_06.obj,M
BedSet_02_07.obj,M
BedSet_02_08.obj,M
BedSet_02_09.obj,M
BedSet_02_10.obj,M
BedSet_02_11.obj,M
BedSet_02_12.obj,M
BedSet_02_13.obj,M
BedSet_02_14.obj,M
BedSet_02_15.obj,M
BedSet_02_16.obj,OB
BedSet_02_17.obj,M
BedSet_02_18.obj,M
BedSet_02_19.obj,M
BedSet_02_20.obj,M
BedSet_02_21.obj,M
BedSet_02_22.obj,M
BedSet_02_23.obj,M
BedSet_02_24.obj,M
BedSet_03_01.obj,1
BedSet_03_02.obj,1
BedSet_03_03.obj,1
BedSet_04_01.obj,1
BedSet_04_02.obj,1
BedSet_04_03.obj,1
BedSet_04_04.obj,1
BedSet_04_05.obj,1
BedSet_04_06.obj,1
BedSet_04_07.obj,1
BedSet_04_08.obj,1
BedSet_04_09.obj,1
BedSet_04_10.obj,1
BedSet_04_11.obj,1
BedSet_04_12.obj,1
BedSet_04_13.obj,1
BedSet_04_14.obj,1
BedSet_04_15.obj,1
BedSet_04_16.obj,1
BedSet_04_17.obj,M
BedSet_04_18.obj,M
BedSet_04_19.obj,M
BedSet_04_20.obj,M
BedSet_04_21.obj,1
BedSet_04_22.obj,1
BedSet_05_01.obj,M
BedSet_05_02.obj,M
BedSet_05_03.obj,M
BedSet_05_04.obj,M
BedSet_05_05.obj,M
BedSet_05_06.obj,M
BedSet_05_07.obj,M
BedSet_05_08.obj,M
BedSet_05_09.obj,M
BedSet_05_10.obj,M
BedSet_05_11.obj,M
BedSet_05_12.obj,M
BedSet_05_13.obj,M
BedSet_05_14.obj,M
BedSet_05_15.obj,M
BedSet_05_16.obj,M
BedSet_05_17.obj,M
BedSet_05_18.obj,M
BedSet_05_19.obj,M
BedSet_05_20.obj,M
BedSet_05_21.obj,M
BedSet_05_22.obj,M
BedSet_05_23.obj,M
BedSet_05_24.obj,M
BedSet_05_25.obj,M
BedSet_05_26.obj,M
BedSet_05_27.obj,M
BedSet_05_28.obj,M
BedSet_05_29.obj,M
BedSet_05_30.obj,M
BedSet_05_31.obj,M
BedSet_05_32.obj,M
BedSet_05_33.obj,M
BedSet_05_34.obj,M
BedSet_05_35.obj,M
BedSet_06_01.obj,M
BedSet_06_02.obj,M
BedSet_06_03.obj,M
BedSet_06_04.obj,M
BedSet_06_05.obj,M
BedSet_06_06.obj,M
BedSet_06_07.obj,M
BedSet_06_08.obj,M
BedSet_06_09.obj,M
BedSet_06_10.obj,M
BedSet_06_11.obj,M
BedSet_06_12.obj,1
BedSet_06_13.obj,M
BedSet_07_01.obj,M
BedSet_07_02.obj,M
BedSet_07_03.obj,M
BedSet_07_04.obj,M
BedSet_07_05.obj,M
BedSet_07_06.obj,M
BedSet_07_07.obj,M
BedSet_07_08.obj,M
BedSet_07_09.obj,M
BedSet_07_10.obj,M
BedSet_07_11.obj,M
BedSet_07_12.obj,M
BedSet_07_13.obj,M
BedSet_07_14.obj,M
BedSet_07_15.obj,1
BedSet_07_16.obj,M
BedSet_07_17.obj,M
BedSet_07_18.obj,1
BedSet_07_19.obj,M
BedSet_07_20.obj,M
BedSet_07_21.obj,M
BedSet_07_22.obj,M
BedSet_07_23.obj,M
BedSet_07_24.obj,M
BedSet_07_25.obj,M
BedSet_07_26.obj,M
BedSet_07_27.obj,1
BedSet_08_01.obj,M
BedSet_08_02.obj,M
BedSet_08_03.obj,M
BedSet_08_04.obj,M
BedSet_08_05.obj,M
BedSet_08_06.obj,M
BedSet_08_07.obj,M
BedSet_08_08.obj,M
BedSet_08_09.obj,M
BedSet_08_10.obj,1
BedSet_08_11.obj,M
BedSet_08_12.obj,M
BedSet_08_13.obj,M
BedSet_08_14.obj,M
BedSet_08_15.obj,M
BedSet_08_16.obj,M
BedSet_08_17.obj,M
BedSet_08_18.obj,1
BedSet_08_19.obj,M
BedSet_08_20.obj,M
BedSet_08_21.obj,M
BedSet_08_22.obj,M
BedSet_08_23.obj,M
BedSet_08_24.obj,M
BedSet_08_25.obj,1
BedSet_08_26.obj,1
BedSet_09_01.obj,1
BedSet_09_02.obj,1
BedSet_09_03.obj,1
BedSet_09_04.obj,1
BedSet_09_05.obj,1
BedSet_09_06.obj,1
BedSet_09_07.obj,1
BedSet_09_08.obj,M
BedSet_09_09.obj,1
BedSet_09_10.obj,1
BedSet_09_11.obj,1
BedSet_09_12.obj,1
BedSet_09_13.obj,1
BedSet_09_14.obj,2
BedSet_09_15.obj,2
BedSet_09_16.obj,2
BedSet_09_17.obj,1
BedSet_10_01.obj,2
BedSet_10_02.obj,2
BedSet_10_03.obj,2
BedSet_10_04.obj,2
BedSet_10_05.obj,1
BedSet_10_06.obj,M
BedSet_10_07.obj,M
BedSet_10_08.obj,M
BedSet_10_09.obj,M
BedSet_10_10.obj,M
BedSet_10_11.obj,M
BedSet_10_12.obj,M
BedSet_10_13.obj,M
BedSet_10_14.obj,M
BedSet_10_15.obj,M
BedSet_10_16.obj,M
BedSet_10_17.obj,M
BedSet_10_18.obj,M
BedSet_10_19.obj,M
BedSet_10_20.obj,M
BedSet_10_21.obj,M
BedSet_10_22.obj,M
BedSet_10_23.obj,M
BedSet_10_24.obj,M
BedSet_10_25.obj,M
BedSet_10_26.obj,M
BedSet_10_27.obj,M
BedSet_10_28.obj,M
BedSet_10_29.obj,M
BedSet_10_30.obj,M
BedSet_10_31.obj,M
BedSet_10_32.obj,M
BedSet_10_33.obj,1
BedSet_10_34.obj,M
BedSet_10_35.obj,M
BedSet_10_36.obj,M
BedSet_10_37.obj,M
BedSet_10_38.obj,M
BedSet_10_39.obj,M
BedSet_10_40.obj,1
BedSet_10_41.obj,M
BedSet_10_42.obj,M
BedSet_10_43.obj,M
BedSet_10_44.obj,M
BedSet_10_45.obj,M
BedSet_10_46.obj,1
BedSet_10_47.obj,1
BedSet_11_01.obj,1
BedSet_11_02.obj,1
BedSet_11_03.obj,1
BedSet_11_04.obj,M
BedSet_11_05.obj,M
BedSet_11_06.obj,M
BedSet_11_07.obj,M
BedSet_11_08.obj,M
BedSet_11_09.obj,M
BedSet_11_10.obj,M
BedSet_11_11.obj,M
BedSet_11_12.obj,M
BedSet_11_13.obj,M
BedSet_11_14.obj,M
BedSet_11_15.obj,M
BedSet_11_16.obj,M
BedSet_11_17.obj,M
BedSet_11_18.obj,M
BedSet_11_19.obj,M
BedSet_11_20.obj,M
BedSet_11_21.obj,M
BedSet_11_22.obj,M
BedSet_11_23.obj,M
BedSet_11_24.obj,M
BedSet_11_25.obj,M
BedSet_11_26.obj,1
BedSet_11_27.obj,M
BedSet_11_28.obj,M
BedSet_11_29.obj,M
BedSet_11_30.obj,M
BedSet_11_31.obj,M
BedSet_11_32.obj,M
BedSet_11_33.obj,M
BedSet_11_34.obj,M
BedSet_11_35.obj,M
BedSet_11_36.obj,M
BedSet_11_37.obj,M
BedSet_11_38.obj,M
BedSet_11_39.obj,M
BedSet_11_40.obj,M
BedSet_11_41.obj,M
BedSet_11_42.obj,M
BedSet_11_43.obj,M
BedSet_11_44.obj,M
BedSet_11_45.obj,M
BedSet_11_46.obj,M
BedSet_11_47.obj,M
BedSet_11_48.obj,M
BedSet_11_49.obj,M
BedSet_11_50.obj,M
BedSet_11_51.obj,1
BedSet_11_52.obj,M
BedSet_11_53.obj,1
BedSet_12_01.obj,M
BedSet_12_02.obj,M
BedSet_12_03.obj,M
BedSet_12_04.obj,M
BedSet_12_05.obj,M
BedSet_12_06.obj,M
BedSet_12_07.obj,M
BedSet_12_08.obj,M
BedSet_12_09.obj,1
BedSet_12_10.obj,1
BedSet_12_11.obj,1
BedSet_13_01.obj,M
BedSet_13_02.obj,M
BedSet_13_03.obj,M
BedSet_13_04.obj,M
BedSet_13_05.obj,1
BedSet_13_06.obj,M
BedSet_13_07.obj,1
BedSet_14_01.obj,M
BedSet_14_02.obj,M
BedSet_14_03.obj,M
BedSet_14_04.obj,M
BedSet_14_05.obj,1
BedSet_14_06.obj,M
BedSet_14_07.obj,1
BedSet_15_01.obj,M
BedSet_15_02.obj,M
BedSet_15_03.obj,M
BedSet_15_04.obj,M
BedSet_15_05.obj,1
BedSet_15_06.obj,M
BedSet_15_07.obj,1
BedSet_16_01.obj,M
BedSet_16_02.obj,M
BedSet_16_03.obj,M
BedSet_16_04.obj,1
BedSet_16_05.obj,1
BedSet_16_06.obj,1
BedSet_16_07.obj,1
BedSet_16_08.obj,M
BedSet_16_09.obj,M
BedSet_16_10.obj,M
BedSet_16_11.obj,M
BedSet_16_12.obj,M
BedSet_16_13.obj,M
BedSet_16_14.obj,M
BedSet_16_15.obj,M
BedSet_16_16.obj,M
BedSet_16_17.obj,M
BedSet_16_18.obj,M
BedSet_16_19.obj,M
BedSet_16_20.obj,M
BedSet_16_21.obj,M
BedSet_16_22.obj,M
BedSet_16_23.obj,M
BedSet_16_24.obj,M
BedSet_16_25.obj,M
BedSet_16_26.obj,M
BedSet_16_27.obj,M
BedSet_16_28.obj,1
BedSet_16_29.obj,M
BedSet_16_30.obj,M
BedSet_16_31.obj,M
BedSet_16_32.obj,M
BedSet_16_33.obj,M
BedSet_16_34.obj,M
BedSet_16_35.obj,M
BedSet_16_36.obj,M
BedSet_16_37.obj,M
BedSet_16_38.obj,M
BedSet_16_39.obj,M
BedSet_16_40.obj,M
BedSet_16_41.obj,M
BedSet_16_42.obj,M
BedSet_16_43.obj,1
BedSet_16_44.obj,2
BedSet_16_45.obj,M
BedSet_16_46.obj,M
BedSet_16_47.obj,M
BedSet_16_48.obj,1
BedSet_16_49.obj,1
BedSet_16_50.obj,1
BedSet_16_51.obj,1
BedSet_17_01.obj,M
BedSet_17_02.obj,M
BedSet_17_03.obj,M
BedSet_17_04.obj,M
BedSet_17_05.obj,M
BedSet_17_06.obj,M
BedSet_17_07.obj,M
BedSet_17_08.obj,1
BedSet_17_09.obj,M
BedSet_17_10.obj,M
BedSet_17_11.obj,M
BedSet_17_12.obj,1
BedSet_17_13.obj,M
BedSet_17_14.obj,M
BedSet_17_15.obj,M
BedSet_17_16.obj,1
BedSet_17_17.obj,M
BedSet_17_18.obj,M
BedSet_17_19.obj,M
BedSet_17_20.obj,1
BedSet_17_21.obj,M
BedSet_17_22.obj,M
BedSet_17_23.obj,M
BedSet_17_24.obj,M
BedSet_17_25.obj,M
BedSet_17_26.obj,M
BedSet_17_27.obj,M
BedSet_17_28.obj,1
BedSet_17_29.obj,1
BedSet_17_30.obj,M
BedSet_17_31.obj,M
BedSet_17_32.obj,M
BedSet_17_33.obj,2
BedSet_17_34.obj,M
BedSet_17_35.obj,M
BedSet_17_36.obj,M
BedSet_17_37.obj,M
BedSet_17_38.obj,1
BedSet_17_39.obj,M
BedSet_17_40.obj,M
BedSet_17_41.obj,M
BedSet_17_42.obj,M
BedSet_17_43.obj,M
BedSet_17_44.obj,M
BedSet_17_45.obj,M
BedSet_17_46.obj,M
BedSet_17_47.obj,M
BedSet_17_48.obj,M
BedSet_17_49.obj,1
BedSet_17_50.obj,1
BedSet_17_51.obj,1
BedSet_18_01.obj,1
BedSet_18_02.obj,M
BedSet_18_03.obj,M
BedSet_18_04.obj,M
BedSet_18_05.obj,M
BedSet_18_06.obj,M
BedSet_18_07.obj,M
BedSet_18_08.obj,M
BedSet_18_09.obj,1
BedSet_19_01.obj,1
BedSet_19_02.obj,M
BedSet_19_03.obj,M
BedSet_19_04.obj,M
BedSet_19_05.obj,M
BedSet_19_06.obj,M
BedSet_19_07.obj,M
BedSet_19_08.obj,M
BedSet_19_09.obj,M
BedSet_19_10.obj,M
BedSet_19_11.obj,M
BedSet_19_12.obj,M
BedSet_19_13.obj,M
BedSet_19_14.obj,M
BedSet_19_15.obj,M
BedSet_19_16.obj,M
BedSet_19_17.obj,M
BedSet_19_18.obj,M
BedSet_19_19.obj,M
BedSet_19_20.obj,M
BedSet_19_21.obj,M
BedSet_19_22.obj,M
BedSet_19_23.obj,1
BedSet_19_24.obj,M
BedSet_19_25.obj,M
BedSet_19_26.obj,M
BedSet_19_27.obj,M
BedSet_19_28.obj,M
BedSet_19_29.obj,M
BedSet_19_30.obj,M
BedSet_20_01.obj,M
BedSet_20_02.obj,1
BedSet_20_03.obj,2
BedSet_20_04.obj,2
BedSet_20_05.obj,2
BedSet_20_06.obj,2
BedSet_20_07.obj,1
BedSet_20_08.obj,1
,
,
,
,
,
,
,
,
,
,
,
,
,
,
,
,
,
,
,
,
,
,
,
,
,
,
,
,
,
,
,
,
,
,
,
,
,
,
,
,
,
,
,
,
,
,
,
,
,
,
,
,
,
,
,
,
,
,
,
,
,
,
,
,
,
,
,
,
,
,
,
,
,
,
,
,
,
,
,
,
,
,
,
,
,
,
,
,
,
,
,
,
,
,
,
,
,
,
,
,
,
,
,
,
,
,
,
,
,
,
,
,
,
,
,
,
,
,
,
,
,
,
,
,
,
,
,
,
,
,
,
,
,
,
,
,
,
,
,
,
,
,
,
,
,
,
,
,
,
,
,
,
,
,
,
,
,
,
,
,
,
,
,
,
,
,
,
,
,
,
,
,
,
,
,
,
,
,
,
,
,
,
,
,
,
,
,
,
,
,
,
,
,
,
,
,
,
,
,
,
,
,
,
,
,
,
,
,
,
,
,
,
,
,
,
,
,
,
,
,
,
,
,
,
,
,
,
,
,
,
,
,
,
,
Table_01_01.obj,1
Table_01_02.obj,M
Table_01_03.obj,M
Table_01_04.obj,M
Table_01_05.obj,M
Table_01_06.obj,1
Table_01_07.obj,M
Table_01_08.obj,M
Table_02_01.obj,M
Table_02_02.obj,M
Table_02_03.obj,M
Table_02_04.obj,1
Table_02_05.obj,M
Table_02_06.obj,M
Table_03_01.obj,1
Table_03_02.obj,1
Table_03_03.obj,1
Table_03_04.obj,1
Table_03_05.obj,1
Table_04_01.obj,M
Table_04_02.obj,M
Table_04_03.obj,M
Table_04_04.obj,M
Table_04_05.obj,M
Table_04_06.obj,M
Table_04_07.obj,M
Table_04_08.obj,M
Table_04_09.obj,M
Table_04_10.obj,M
Table_04_11.obj,M
Table_04_12.obj,M
Table_04_13.obj,1
Table_05_01.obj,M
Table_05_02.obj,M
Table_05_03.obj,M
Table_05_04.obj,M
Table_05_05.obj,M
Table_05_06.obj,M
Table_05_07.obj,1
Table_05_08.obj,1
Table_05_09.obj,M
Table_05_10.obj,M
Table_05_11.obj,M
Table_05_12.obj,M
Table_05_13.obj,M
Table_05_14.obj,M
Table_05_15.obj,M
Table_07_01.obj,M
Table_07_02.obj,1
Table_07_03.obj,1
Table_07_04.obj,M
Table_07_05.obj,M
Table_07_06.obj,M
Table_07_07.obj,M
Table_07_08.obj,M
Table_08_01.obj,M
Table_08_02.obj,M
Table_08_03.obj,M
Table_08_04.obj,M
Table_08_05.obj,M
Table_08_06.obj,1
Table_08_07.obj,M
Table_08_08.obj,M
Table_08_09.obj,M
Table_09_01.obj,M
Table_09_02.obj,M
Table_09_03.obj,M
Table_09_04.obj,M
Table_09_05.obj,M
Table_09_06.obj,M
Table_09_07.obj,1
Table_09_08.obj,M
Table_09_09.obj,1
Table_09_10.obj,M
Table_09_11.obj,M
Table_09_12.obj,M
Table_10_01.obj,M
Table_10_02.obj,M
Table_10_03.obj,M
Table_10_04.obj,M
Table_10_05.obj,M
Table_10_06.obj,M
Table_10_07.obj,M
Table_10_08.obj,M
Table_10_09.obj,1
Table_10_10.obj,M
Table_10_11.obj,M
Table_10_12.obj,M
Table_10_13.obj,M
Table_10_14.obj,M
Table_10_15.obj,M
Table_10_16.obj,M
Table_10_17.obj,M
Table_10_18.obj,M
Table_10_19.obj,M
Table_10_20.obj,M
Table_10_21.obj,M
Table_11_01.obj,M
Table_11_02.obj,M
Table_11_03.obj,M
Table_11_04.obj,M
Table_11_05.obj,M
Table_11_06.obj,1
Table_11_07.obj,M
Table_11_08.obj,M
Table_11_09.obj,M
Table_11_10.obj,M
Table_11_11.obj,M
Table_11_12.obj,M
Table_11_13.obj,M
Table_12_01.obj,1
Table_12_02.obj,M
Table_12_03.obj,1
Table_12_04.obj,M
Table_12_05.obj,M
Table_13_01.obj,1
Table_13_02.obj,M
Table_13_03.obj,1
Table_13_04.obj,M
Table_13_05.obj,M
Table_13_06.obj,M
Table_13_07.obj,M
Table_13_08.obj,M
Table_13_09.obj,M
Table_13_10.obj,M
Table_13_11.obj,M
Table_13_12.obj,M
Table_13_13.obj,M
Table_13_14.obj,M
Table_13_15.obj,M
Table_13_16.obj,M
Table_14_01.obj,1
Table_14_02.obj,1
Table_14_03.obj,1
Table_14_04.obj,M
Table_14_05.obj,M
Table_14_06.obj,M
Table_14_07.obj,1
Table_14_08.obj,1
Table_14_09.obj,1
Table_14_10.obj,M
Table_15_01.obj,M
Table_15_02.obj,M
Table_15_03.obj,1
Table_15_04.obj,1
Table_15_05.obj,M
Table_15_06.obj,M
Table_17_01.obj,1
Table_17_02.obj,1
Table_17_03.obj,1
Table_17_04.obj,M
Table_17_05.obj,M
Table_17_06.obj,M
Table_17_07.obj,M
Table_17_08.obj,1
Table_17_09.obj,1
Table_17_10.obj,M
Table_17_11.obj,M
Table_17_12.obj,M
Table_17_13.obj,M
Table_18_01.obj,1
Table_18_02.obj,M
Table_18_03.obj,M
Table_18_04.obj,M
Table_18_05.obj,M
Table_18_06.obj,M
Table_18_07.obj,M
Table_18_08.obj,M
Table_18_09.obj,M
Table_18_10.obj,M
Table_18_11.obj,M
Table_18_12.obj,M
Table_18_13.obj,M
Table_18_14.obj,1
Table_19_01.obj,1
Table_19_02.obj,1
Table_19_03.obj,M
Table_19_04.obj,M
Table_19_05.obj,1
Table_19_06.obj,M
Table_19_07.obj,M
Table_19_08.obj,1
Table_20_01.obj,M
Table_20_02.obj,M
Table_20_03.obj,1
