BedSet_08_01,A
BedSet_08_02,A
BedSet_08_03,SL
BedSet_08_04,SL
BedSet_08_05,OB
BedSet_08_06,SL
BedSet_08_07,SL
BedSet_08_08,SL
BedSet_08_09,SL
BedSet_08_10,SL
BedSet_08_11,SL
BedSet_13_01,OB
BedSet_13_02,OB
BedSet_13_03,OB
BedSet_13_04,A
BedSet_13_05,A
BedSet_13_06,A
BedSet_13_07,A
BedSet_13_08,A
BedSet_13_09,A
BedSet_13_10,A
BedSet_13_11,A
Cabinet_12_01,OB
Cabinet_12_02,OB
Cabinet_12_03,OB
Cabinet_12_04,OB
Cabinet_12_05,OB
Cabinet_12_06,OB
Cabinet_12_07,OB
Cabinet_02_01,OB
Cabinet_02_02,OB
Cabinet_02_03,OB
Cabinet_02_04,OB
Cabinet_02_05,OB
Cabinet_02_06,OB
Cabinet_02_07,OB
Cabinet_02_08,OB
Cabinet_02_09,OB
Cabinet_02_10,OB
Cabinet_02_11,OB
Cabinet_02_12,OB
Cabinet_02_13,OB
Cabinet_02_14,OB
Cabinet_02_15,OB
Cabinet_02_16,OB
Cabinet_02_17,OB
Chair_26_01,SL
Chair_26_02,SL
Chair_26_03,SL
Chair_26_04,A
Chair_26_05,A
Chair_26_06,A
Chair_26_07,SL
Chair_26_08,SL
Chair_64_01,SL
Chair_64_02,SL
Chair_64_03,A
Chair_64_04,A
Chair_64_05,A
Chair_64_06,A
Chair_64_07,A
Chair_64_08,A
Sofa_05_01,OB
Sofa_05_02,CA
Sofa_05_03,OB
Sofa_05_04,CA
Sofa_05_05,A
Sofa_05_06,CA
Sofa_05_07,CA
Sofa_05_08,CA
Sofa_05_09,CA
Sofa_05_10,CA
Sofa_05_11,OB
Sofa_05_12,OB
Sofa_05_13,CA
Sofa_22_01,SL
Sofa_22_02,SL
Sofa_22_03,SL
Sofa_22_04,SL
Sofa_22_05,SL
Sofa_22_06,OB
Sofa_22_07,CA
Sofa_22_08,CA
Sofa_22_09,CA
Sofa_22_10,OB   
Table_01_01,SL
Table_01_02,A
Table_01_03,A
Table_01_04,A
Table_01_05,A
Table_01_06,SL
Table_01_07,A
Table_01_08,A
Table_20_01,A
Table_20_02,A
Table_20_03,SL
