,linearity,planarity,eig_ratio_r12,eig_ratio_r23,elongation,thickness_norm,aspect_ratio_xy,aspect_ratio_yz,area_to_volume_ratio,compactness,occupancy,normal_disp_mean,normal_disp_std,normal_disp_p90,normal_disp_p95,rectangularity,axis_alignment,concavity_score,irregularity_score,surface_complexity,ca_surface_score,sl_regular_surface_score,ob_regular_score
linearity,1.0,-0.9188146528137773,0.2328287468378566,-0.053273494643687865,-0.02036918896116327,-0.3856589041183293,0.4412423302384956,-0.044137817409814144,-0.03309056811230592,0.029186139667188176,-0.08930349488640749,0.07244988322567683,0.07639436422718467,0.06887384547287248,0.12250461661418156,0.27797821979460385,0.44539044772175285,-0.2779782197946035,-0.44539044772175385,-0.8468679733566608,-0.8468679733566608,-0.8682983347384631,-0.81860621126363
planarity,-0.9188146528137773,1.0,-0.21970432072885354,0.06638285338160078,0.03125952584083048,0.1313091339673951,-0.4157248802425918,0.057369605284988245,0.043969606149664636,-2.8064078140014503e-05,0.11116370812317367,-0.09454459195704129,-0.09509163655112246,-0.10783962649908242,-0.1442535418092158,-0.2711983191547349,-0.43019800023664717,0.2711983191547345,0.43019800023664806,0.9119679145892811,0.9119679145892814,0.947020225980329,0.8951059071873471
eig_ratio_r12,0.2328287468378566,-0.21970432072885354,1.0,-0.0200949341519124,-0.024528649687809545,-0.18803117746761597,0.867073156200353,-0.023465379824706426,-0.020380105952727125,-0.052754720584408124,-0.0014358679426982397,0.09136793172727824,-0.1217735070992422,-0.05629036198149818,-0.08318940176656058,0.14908988828079986,0.13346259927332468,-0.14908988828079978,-0.1334625992733259,-0.19522689269648402,-0.195226892696484,-0.21634884634180473,-0.20908696474111077
eig_ratio_r23,-0.053273494643687865,0.06638285338160078,-0.0200949341519124,1.0,0.8194504072661021,-0.04297425416851074,-0.037471052075294324,0.9643663802871214,0.8907266915256473,0.03526444116146902,0.7717134492745902,-0.3760984260884247,-0.04571362588314855,-0.29074598095247767,-0.22964793207201845,-0.10295547908262931,-0.14999732249520623,0.10295547908262935,0.1499973224952063,0.053942171212841124,0.05394217121284112,0.015140402334547064,-0.004003420823798009
elongation,-0.02036918896116327,0.03125952584083048,-0.024528649687809545,0.8194504072661021,1.0,-0.05288952518303563,-0.042903964295141435,0.9399623625692792,0.8800293001507906,0.04368990330966632,0.8320961718950752,-0.46196369223568007,-0.05608125236862039,-0.3570784791420568,-0.28207430009725376,-0.03785364158496185,-0.07417946542755878,0.037853641584961906,0.07417946542755893,0.004954309604238342,0.004954309604238341,0.008611269099572163,-0.00028511014670513365
thickness_norm,-0.3856589041183293,0.1313091339673951,-0.18803117746761597,-0.04297425416851074,-0.05288952518303563,1.0,-0.34095335033268037,-0.05030792366179053,-0.043664792663585805,-0.4676450853688448,-0.0650055795433436,0.019744437036544563,0.08591129604969439,0.14937538720414076,0.10780338963984648,-0.23689511306764524,-0.24992679568419487,0.23689511306764416,0.24992679568419704,0.15160203598549082,0.15160203598549077,0.12559933431023643,0.11762737427629143
aspect_ratio_xy,0.4412423302384956,-0.4157248802425918,0.867073156200353,-0.037471052075294324,-0.042903964295141435,-0.34095335033268037,1.0,-0.04266923550042014,-0.03723714305532785,0.13608703371555972,-0.029972719532484187,0.09120356378249962,-0.07764754692717815,-0.04444558665773039,-0.04234810873071187,0.2578085490850147,0.25170125185567327,-0.2578085490850142,-0.2517012518556746,-0.3715891084056997,-0.3715891084056996,-0.40719811036544984,-0.3924777723426831
aspect_ratio_yz,-0.044137817409814144,0.057369605284988245,-0.023465379824706426,0.9643663802871214,0.9399623625692792,-0.05030792366179053,-0.04266923550042014,1.0,0.9376087964015445,0.04155731119220608,0.8400418636073916,-0.4391251357371682,-0.05328670207385055,-0.33941046128014474,-0.26812800659870106,-0.08074974441158321,-0.1285050903470375,0.08074974441158328,0.12850509034703755,0.03744724219600039,0.037447242196000395,0.014785719557476344,-0.0014658693088104716
area_to_volume_ratio,-0.03309056811230592,0.043969606149664636,-0.020380105952727125,0.8907266915256473,0.8800293001507906,-0.043664792663585805,-0.03723714305532785,0.9376087964015445,1.0,0.036069799129292916,0.8158181081798753,-0.38212449732757964,-0.04644476705521778,-0.29540360494248274,-0.23332741962751022,-0.06322362557049205,-0.10832529085503202,0.06322362557049213,0.10832529085503215,0.024926858926368436,0.024926858926368443,0.011489176535428915,-0.0012379699601621382
compactness,0.029186139667188176,-2.8064078140014503e-05,-0.052754720584408124,0.03526444116146902,0.04368990330966632,-0.4676450853688448,0.13608703371555972,0.04155731119220608,0.036069799129292916,1.0,0.0408654820598612,0.014848584662950168,-0.13788002081226364,-0.19932381965975915,-0.17784130509900742,0.44183207657871015,0.30982666842896495,-0.44183207657870927,-0.30982666842896606,-0.07734589442781474,-0.07734589442781474,0.050340758440390744,0.07115182721011558
occupancy,-0.08930349488640749,0.11116370812317367,-0.0014358679426982397,0.7717134492745902,0.8320961718950752,-0.0650055795433436,-0.029972719532484187,0.8400418636073916,0.8158181081798753,0.0408654820598612,1.0,-0.48454022930317897,-0.07026930859755424,-0.38571850183579376,-0.30966878038404777,-0.11225596495997334,-0.18018509388226459,0.11225596495997331,0.18018509388226467,0.08033771733243705,0.08033771733243707,0.053663789195619184,0.02806337558468595
normal_disp_mean,0.07244988322567683,-0.09454459195704129,0.09136793172727824,-0.3760984260884247,-0.46196369223568007,0.019744437036544563,0.09120356378249962,-0.4391251357371682,-0.38212449732757964,0.014848584662950168,-0.48454022930317897,1.0,-0.438743169122988,0.20701373417800473,0.04015449550892128,0.2845222963050298,0.2933361061538775,-0.28452229630502973,-0.2933361061538774,-0.08171556393728598,-0.081715563937286,-0.004402177497507981,0.02943263278968473
normal_disp_std,0.07639436422718467,-0.09509163655112246,-0.1217735070992422,-0.04571362588314855,-0.05608125236862039,0.08591129604969439,-0.07764754692717815,-0.05328670207385055,-0.04644476705521778,-0.13788002081226364,-0.07026930859755424,-0.438743169122988,1.0,0.6908933465556263,0.8032101884242646,-0.23230888969988062,-0.1389957397915534,0.23230888969988042,0.13899573979155314,0.012626534297311566,0.012626534297311566,-0.12912479411315966,-0.13845543596475118
normal_disp_p90,0.06887384547287248,-0.10783962649908242,-0.05629036198149818,-0.29074598095247767,-0.3570784791420568,0.14937538720414076,-0.04444558665773039,-0.33941046128014474,-0.29540360494248274,-0.19932381965975915,-0.38571850183579376,0.20701373417800473,0.6908933465556263,1.0,0.8822208863200542,-0.1004685897009087,-0.01176469727133184,0.10046858970090863,0.011764697271331899,0.026637604935255584,0.02663760493525559,-0.09252997237666777,-0.08571398729418087
normal_disp_p95,0.12250461661418156,-0.1442535418092158,-0.08318940176656058,-0.22964793207201845,-0.28207430009725376,0.10780338963984648,-0.04234810873071187,-0.26812800659870106,-0.23332741962751022,-0.17784130509900742,-0.30966878038404777,0.04015449550892128,0.8032101884242646,0.8822208863200542,1.0,-0.11996582860526243,-0.01904601449672654,0.11996582860526231,0.01904601449672654,-0.019589725856914545,-0.019589725856914535,-0.1367423017973132,-0.13015702391173758
rectangularity,0.27797821979460385,-0.2711983191547349,0.14908988828079986,-0.10295547908262931,-0.03785364158496185,-0.23689511306764524,0.2578085490850147,-0.08074974441158321,-0.06322362557049205,0.44183207657871015,-0.11225596495997334,0.2845222963050298,-0.23230888969988062,-0.1004685897009087,-0.11996582860526243,1.0,0.85738099147188,-1.0000000000000004,-0.85738099147188,-0.4820324246776089,-0.48203242467760893,-0.04996216806286822,0.0359860588513555
axis_alignment,0.44539044772175285,-0.43019800023664717,0.13346259927332468,-0.14999732249520623,-0.07417946542755878,-0.24992679568419487,0.25170125185567327,-0.1285050903470375,-0.10832529085503202,0.30982666842896495,-0.18018509388226459,0.2933361061538775,-0.1389957397915534,-0.01176469727133184,-0.01904601449672654,0.85738099147188,1.0,-0.8573809914718793,-1.0000000000000002,-0.6711115418100365,-0.6711115418100366,-0.15984606475753457,-0.04287813590205267
concavity_score,-0.2779782197946035,0.2711983191547345,-0.14908988828079978,0.10295547908262935,0.037853641584961906,0.23689511306764416,-0.2578085490850142,0.08074974441158328,0.06322362557049213,-0.44183207657870927,0.11225596495997331,-0.28452229630502973,0.23230888969988042,0.10046858970090863,0.11996582860526231,-1.0000000000000004,-0.8573809914718793,1.0,0.8573809914718794,0.48203242467760865,0.48203242467760865,0.049962168062868025,-0.035986058851355654
irregularity_score,-0.44539044772175385,0.43019800023664806,-0.1334625992733259,0.1499973224952063,0.07417946542755893,0.24992679568419704,-0.2517012518556746,0.12850509034703755,0.10832529085503215,-0.30982666842896606,0.18018509388226467,-0.2933361061538774,0.13899573979155314,0.011764697271331899,0.01904601449672654,-0.85738099147188,-1.0000000000000002,0.8573809914718794,1.0,0.6711115418100373,0.6711115418100373,0.15984606475753543,0.04287813590205357
surface_complexity,-0.8468679733566608,0.9119679145892811,-0.19522689269648402,0.053942171212841124,0.004954309604238342,0.15160203598549082,-0.3715891084056997,0.03744724219600039,0.024926858926368436,-0.07734589442781474,0.08033771733243705,-0.08171556393728598,0.012626534297311566,0.026637604935255584,-0.019589725856914545,-0.4820324246776089,-0.6711115418100365,0.48203242467760865,0.6711115418100373,1.0,0.9999999999999998,0.7511079247040865,0.659389145632351
ca_surface_score,-0.8468679733566608,0.9119679145892814,-0.195226892696484,0.05394217121284112,0.004954309604238341,0.15160203598549077,-0.3715891084056996,0.037447242196000395,0.024926858926368443,-0.07734589442781474,0.08033771733243707,-0.081715563937286,0.012626534297311566,0.02663760493525559,-0.019589725856914535,-0.48203242467760893,-0.6711115418100366,0.48203242467760865,0.6711115418100373,0.9999999999999998,1.0,0.7511079247040864,0.659389145632351
sl_regular_surface_score,-0.8682983347384631,0.947020225980329,-0.21634884634180473,0.015140402334547064,0.008611269099572163,0.12559933431023643,-0.40719811036544984,0.014785719557476344,0.011489176535428915,0.050340758440390744,0.053663789195619184,-0.004402177497507981,-0.12912479411315966,-0.09252997237666777,-0.1367423017973132,-0.04996216806286822,-0.15984606475753457,0.049962168062868025,0.15984606475753543,0.7511079247040865,0.7511079247040864,1.0,0.9904832722122665
ob_regular_score,-0.81860621126363,0.8951059071873471,-0.20908696474111077,-0.004003420823798009,-0.00028511014670513365,0.11762737427629143,-0.3924777723426831,-0.0014658693088104716,-0.0012379699601621382,0.07115182721011558,0.02806337558468595,0.02943263278968473,-0.13845543596475118,-0.08571398729418087,-0.13015702391173758,0.0359860588513555,-0.04287813590205267,-0.035986058851355654,0.04287813590205357,0.659389145632351,0.659389145632351,0.9904832722122665,1.0
