feature,class,count,mean,std,min,q25,median,q75,max
linearity,M,856,0.980521144,0.059892688,0.28933283,0.987897096,0.994734109,0.997988055,0.999894864
linearity,OB,614,0.636432888,0.321933487,0,0.404732208,0.757247702,0.91738781,0.985151906
linearity,SL,110,0.345619957,0.313634192,4.52E-14,0.026184674,0.320939371,0.679798407,0.933693855
linearity,CA,61,0.576393361,0.237995124,0.03461268,0.497202631,0.605898192,0.737445639,0.951948536
planarity,M,856,0.014756456,0.057657861,2.68E-19,0.000250793,0.002738826,0.005870234,0.704435708
planarity,OB,614,0.311205318,0.296833424,7.94E-17,0.065427569,0.203961862,0.494359838,1
planarity,SL,110,0.56724364,0.309188783,0.036351508,0.291599432,0.549711972,0.844414944,0.999421464
planarity,CA,61,0.308181286,0.195865885,2.54E-05,0.161297291,0.32528389,0.428392011,0.832845842
elongation,M,856,202052598.1,2864485617,1.092935512,14.73058257,38.0951428,71.50139988,41897742566
elongation,OB,614,317720002,4519943655,1,6.386809872,19.54000888,53.55555548,87453885347
elongation,SL,110,1550198645,11450505082,1.034201851,2.701462326,3.745280988,7.570755633,88169990579
elongation,CA,61,8.364066411,17.02633855,1.035714285,1.592662579,2.305065452,4.11006122,69.4366312
thickness_norm,M,856,0.05825787,0.084388233,0,0.013959445,0.026167582,0.066660836,0.55927321
thickness_norm,OB,614,0.104317228,0.137671316,0,0.017217194,0.042780392,0.130738544,0.577350269
thickness_norm,SL,110,0.219998258,0.148911408,0,0.09593677,0.212573751,0.263043042,0.570441449
thickness_norm,CA,61,0.312283365,0.180042475,0.011423357,0.185225017,0.298271907,0.469500431,0.565748755
compactness,M,856,0.818197683,0.290311764,0.028098039,0.77252994,0.997135411,1,1
compactness,OB,614,0.936602616,0.147887536,0.202448757,0.976526709,1,1,1
compactness,SL,110,0.606458628,0.221680055,0.122344143,0.432172463,0.589253915,0.776459372,0.999510195
compactness,CA,61,0.488571086,0.20547345,0.091547555,0.350485561,0.448182561,0.640380697,0.825153143
rectangularity,M,856,0.961434238,0.088134941,0.475706724,0.965584361,1,1,1
rectangularity,OB,614,0.952805336,0.105345081,0.475734722,0.984252263,1,1,1
rectangularity,SL,110,0.887710633,0.103214987,0.624528495,0.785305925,0.919392806,0.987512236,1
rectangularity,CA,61,0.743661678,0.170470063,0.468412807,0.580220574,0.73009033,0.904526503,0.998162915
axis_alignment,M,856,0.977773861,0.070013852,0.317994246,0.994207555,1,1,1
axis_alignment,OB,614,0.947957481,0.154355933,1.61E-14,0.967816611,1,1,1
axis_alignment,SL,110,0.780163186,0.205662906,0.238084533,0.50044323,0.837749343,0.975815477,1
axis_alignment,CA,61,0.651186481,0.223816281,0.207709824,0.500003827,0.666790477,0.86299739,0.997436148
normal_disp_p95,M,856,1.183831045,0.268881902,0,1,1.067313206,1.361111111,2.308541665
normal_disp_p95,OB,614,1.126109543,0.309941211,0,1,1.001794692,1.161208874,2.53319103
normal_disp_p95,SL,110,1.210120256,0.299355971,1.23E-32,1.041230986,1.111149054,1.363458555,2.070918899
normal_disp_p95,CA,61,1.368886004,0.38350935,1.011128288,1.08212108,1.224297828,1.557468294,2.56337734
