fold,class,precision,recall,f1,support
1,M,0.9880952380952381,0.9707602339181286,0.9793510324483776,171
1,OB,0.96,0.967741935483871,0.963855421686747,124
1,SL,0.8076923076923077,0.9130434782608695,0.8571428571428571,23
1,CA,0.9,0.8181818181818182,0.8571428571428571,11
2,M,0.9597701149425287,0.9823529411764705,0.9709302325581395,170
2,OB,0.959349593495935,0.9516129032258065,0.9554655870445344,124
2,SL,0.8823529411764706,0.6521739130434783,0.75,23
2,CA,0.6,0.75,0.6666666666666666,12
3,M,0.9825581395348837,0.9941176470588236,0.9883040935672515,170
3,OB,0.9523809523809523,0.967741935483871,0.96,124
3,SL,0.782608695652174,0.782608695652174,0.782608695652174,23
3,CA,0.875,0.5833333333333334,0.7,12
4,M,0.9822485207100592,0.9764705882352941,0.9793510324483776,170
4,OB,0.975609756097561,0.967741935483871,0.97165991902834,124
4,SL,0.7857142857142857,1.0,0.88,22
4,CA,0.875,0.5833333333333334,0.7,12
5,M,0.9880952380952381,0.9707602339181286,0.9793510324483776,171
5,OB,0.9590163934426229,0.9512195121951219,0.9551020408163265,123
5,SL,0.8260869565217391,0.8636363636363636,0.8444444444444444,22
5,CA,0.6666666666666666,0.8333333333333334,0.7407407407407407,12
