config_id,selection_score,macro_f1,balanced_accuracy,M_f1,OB_f1,SL_f1,CA_f1,SL_precision,SL_recall,CA_precision,CA_recall,params,class_weight,cm_M_to_M,cm_M_to_OB,cm_M_to_SL,cm_M_to_CA,cm_OB_to_M,cm_OB_to_OB,cm_OB_to_SL,cm_OB_to_CA,cm_SL_to_M,cm_SL_to_OB,cm_SL_to_SL,cm_SL_to_CA,cm_CA_to_M,cm_CA_to_OB,cm_CA_to_SL,cm_CA_to_CA
22,1.4070044794048693,0.9044023423841276,0.884500546952435,0.9829712272460364,0.9592976855546688,0.8465116279069768,0.8288288288288288,0.8666666666666667,0.8272727272727273,0.92,0.7540983606557377,"{""n_estimators"": 500, ""max_depth"": 30, ""min_samples_leaf"": 2, ""max_features"": ""sqrt""}","{""M"": 1.0, ""OB"": 1.0, ""SL"": 3.0, ""CA"": 4.5}",837,16,2,1,9,601,3,1,0,17,91,2,1,5,9,46
21,1.3965061827223118,0.9004851617012908,0.8816855206447749,0.9853372434017595,0.9632,0.8425925925925926,0.8108108108108109,0.8584905660377359,0.8272727272727273,0.9,0.7377049180327869,"{""n_estimators"": 400, ""max_depth"": 20, ""min_samples_leaf"": 2, ""max_features"": ""sqrt""}","{""M"": 1.0, ""OB"": 1.0, ""SL"": 3.0, ""CA"": 4.5}",840,14,1,1,8,602,3,1,0,16,91,3,1,4,11,45
6,1.3929053264466338,0.898441040732348,0.8916174614011936,0.9836065573770492,0.9619433198380567,0.8482142857142857,0.8,0.8333333333333334,0.8636363636363636,0.8518518518518519,0.7540983606557377,"{""n_estimators"": 400, ""max_depth"": 20, ""min_samples_leaf"": 2, ""max_features"": 0.5}","{""M"": 1.0, ""OB"": 1.0, ""SL"": 2.5, ""CA"": 4.0}",840,11,2,3,10,594,8,2,0,12,95,3,2,4,9,46
13,1.3906260610342704,0.897111732225824,0.8908783114367105,0.9830111306385472,0.9603880355699272,0.8416289592760181,0.8034188034188035,0.8378378378378378,0.8454545454545455,0.8392857142857143,0.7704918032786885,"{""n_estimators"": 400, ""max_depth"": null, ""min_samples_leaf"": 2, ""max_features"": 0.5}","{""M"": 1.0, ""OB"": 1.0, ""SL"": 3.0, ""CA"": 4.5}",839,11,2,4,10,594,8,2,0,14,93,3,2,4,8,47
12,1.387883360471113,0.8958982719343003,0.8891677881027121,0.9824150058616647,0.9612277867528272,0.8468468468468469,0.7931034482758621,0.8392857142857143,0.8545454545454545,0.8363636363636363,0.7540983606557377,"{""n_estimators"": 400, ""max_depth"": 24, ""min_samples_leaf"": 2, ""max_features"": 0.5}","{""M"": 1.0, ""OB"": 1.0, ""SL"": 3.0, ""CA"": 4.5}",838,12,2,4,10,595,7,2,0,13,94,3,2,4,9,46
7,1.3863561284230568,0.895049737445613,0.8871652086939475,0.9812206572769953,0.9612903225806452,0.8482142857142857,0.7894736842105263,0.8333333333333334,0.8636363636363636,0.8490566037735849,0.7377049180327869,"{""n_estimators"": 400, ""max_depth"": 20, ""min_samples_leaf"": 2, ""max_features"": 0.5}","{""M"": 1.0, ""OB"": 1.0, ""SL"": 3.5, ""CA"": 4.0}",836,14,3,3,10,596,6,2,0,12,95,3,2,4,10,45
10,1.3855282522604426,0.8948362958150616,0.8873022269537633,0.9824150058616647,0.9612903225806452,0.8493150684931506,0.7863247863247863,0.8532110091743119,0.8454545454545455,0.8214285714285714,0.7540983606557377,"{""n_estimators"": 400, ""max_depth"": 20, ""min_samples_leaf"": 2, ""max_features"": 0.5}","{""M"": 1.0, ""OB"": 1.0, ""SL"": 2.5, ""CA"": 5.0}",838,12,1,5,10,596,6,2,0,14,93,3,2,4,9,46
15,1.3855282522604426,0.8948362958150616,0.8873022269537633,0.9824150058616647,0.9612903225806452,0.8493150684931506,0.7863247863247863,0.8532110091743119,0.8454545454545455,0.8214285714285714,0.7540983606557377,"{""n_estimators"": 600, ""max_depth"": 30, ""min_samples_leaf"": 2, ""max_features"": 0.5}","{""M"": 1.0, ""OB"": 1.0, ""SL"": 3.0, ""CA"": 4.5}",838,12,1,5,10,596,6,2,0,14,93,3,2,4,9,46
14,1.3839473857084763,0.8941904822390403,0.8853614835217408,0.9830111306385472,0.9612277867528272,0.8430493273542601,0.7894736842105263,0.831858407079646,0.8545454545454545,0.8490566037735849,0.7377049180327869,"{""n_estimators"": 500, ""max_depth"": null, ""min_samples_leaf"": 2, ""max_features"": 0.5}","{""M"": 1.0, ""OB"": 1.0, ""SL"": 3.0, ""CA"": 4.5}",839,12,2,3,10,595,7,2,0,13,94,3,2,4,10,45
24,1.3831433013815142,0.8943310672778002,0.8897519002522448,0.9836065573770492,0.9643435980551054,0.8430493273542601,0.7863247863247863,0.831858407079646,0.8545454545454545,0.8214285714285714,0.7540983606557377,"{""n_estimators"": 500, ""max_depth"": 30, ""min_samples_leaf"": 2, ""max_features"": 0.7}","{""M"": 1.0, ""OB"": 1.0, ""SL"": 3.0, ""CA"": 4.5}",840,9,3,4,10,595,7,2,0,12,94,4,2,4,9,46
16,1.3825336336332914,0.8947771699135249,0.8761772546342772,0.9871794871794872,0.9660743134087237,0.8440366972477065,0.7818181818181819,0.8518518518518519,0.8363636363636363,0.8775510204081632,0.7049180327868853,"{""n_estimators"": 400, ""max_depth"": 20, ""min_samples_leaf"": 1, ""max_features"": 0.5}","{""M"": 1.0, ""OB"": 1.0, ""SL"": 3.0, ""CA"": 4.5}",847,7,1,1,9,598,5,2,0,15,92,3,4,4,10,43
2,1.3814649576970643,0.8924104630533753,0.8860588203716242,0.9806224310041104,0.9588377723970944,0.8407079646017699,0.7894736842105263,0.8189655172413793,0.8636363636363636,0.8490566037735849,0.7377049180327869,"{""n_estimators"": 400, ""max_depth"": 20, ""min_samples_leaf"": 2, ""max_features"": 0.5}","{""M"": 1.0, ""OB"": 1.0, ""SL"": 3.0, ""CA"": 4.5}",835,15,3,3,10,594,8,2,0,12,95,3,2,4,10,45
8,1.3796794524583667,0.8919820455564365,0.8847773713722081,0.9818181818181818,0.96045197740113,0.8430493273542601,0.782608695652174,0.831858407079646,0.8545454545454545,0.8333333333333334,0.7377049180327869,"{""n_estimators"": 400, ""max_depth"": 20, ""min_samples_leaf"": 2, ""max_features"": 0.5}","{""M"": 1.0, ""OB"": 1.0, ""SL"": 3.5, ""CA"": 4.5}",837,13,2,4,10,595,7,2,0,13,94,3,2,4,10,45
26,1.379644876017747,0.8924605474834066,0.884058126311521,0.9829912023460411,0.9629032258064516,0.852017937219731,0.7719298245614035,0.8407079646017699,0.8636363636363636,0.8301886792452831,0.7213114754098361,"{""n_estimators"": 400, ""max_depth"": 20, ""min_samples_leaf"": 2, ""max_features"": 0.5}","{""M"": 1.0, ""OB"": 1.1, ""SL"": 3.0, ""CA"": 4.5}",838,13,1,4,9,597,6,2,0,12,95,3,2,4,11,44
3,1.379550125556722,0.8922788290782644,0.8834959223727921,0.9835873388042204,0.9612903225806452,0.8416289592760181,0.782608695652174,0.8378378378378378,0.8454545454545455,0.8333333333333334,0.7377049180327869,"{""n_estimators"": 500, ""max_depth"": 30, ""min_samples_leaf"": 2, ""max_features"": 0.5}","{""M"": 1.0, ""OB"": 1.0, ""SL"": 3.0, ""CA"": 4.5}",839,12,1,4,9,596,7,2,0,14,93,3,2,4,10,45
9,1.3795392962429747,0.8922679997645171,0.88338081232378,0.9836065573770492,0.9612277867528272,0.8416289592760181,0.782608695652174,0.8378378378378378,0.8454545454545455,0.8333333333333334,0.7377049180327869,"{""n_estimators"": 400, ""max_depth"": 20, ""min_samples_leaf"": 2, ""max_features"": 0.5}","{""M"": 1.0, ""OB"": 1.0, ""SL"": 3.5, ""CA"": 5.0}",840,11,1,4,10,595,7,2,0,14,93,3,2,4,10,45
27,1.3786716667503223,0.8916053462405276,0.8827967001742473,0.9824150058616647,0.96045197740113,0.8340807174887892,0.7894736842105263,0.8230088495575221,0.8454545454545455,0.8490566037735849,0.7377049180327869,"{""n_estimators"": 500, ""max_depth"": 30, ""min_samples_leaf"": 2, ""max_features"": 0.5}","{""M"": 1.0, ""OB"": 1.1, ""SL"": 3.0, ""CA"": 4.5}",838,12,3,3,10,595,7,2,0,14,93,3,2,4,10,45
29,1.3785112830623114,0.8912399865838537,0.8825046440994809,0.9818181818181818,0.958904109589041,0.8416289592760181,0.782608695652174,0.8378378378378378,0.8454545454545455,0.8333333333333334,0.7377049180327869,"{""n_estimators"": 500, ""max_depth"": 30, ""min_samples_leaf"": 2, ""max_features"": 0.5}","{""M"": 1.0, ""OB"": 1.1, ""SL"": 3.5, ""CA"": 4.5}",837,13,2,4,10,595,7,2,0,14,93,3,2,5,9,45
4,1.3773658904862138,0.8912319304392105,0.8832038662980256,0.9824150058616647,0.9620661824051655,0.8378378378378378,0.782608695652174,0.8303571428571429,0.8454545454545455,0.8333333333333334,0.7377049180327869,"{""n_estimators"": 500, ""max_depth"": 30, ""min_samples_leaf"": 2, ""max_features"": 0.5}","{""M"": 1.0, ""OB"": 1.0, ""SL"": 3.0, ""CA"": 4.0}",838,11,3,4,10,596,6,2,0,14,93,3,2,4,10,45
11,1.3770453988694233,0.8904770758880569,0.8839630391246511,0.981242672919109,0.9587712206952304,0.8392857142857143,0.782608695652174,0.8245614035087719,0.8545454545454545,0.8333333333333334,0.7377049180327869,"{""n_estimators"": 400, ""max_depth"": 16, ""min_samples_leaf"": 2, ""max_features"": 0.5}","{""M"": 1.0, ""OB"": 1.0, ""SL"": 3.0, ""CA"": 4.5}",837,13,2,4,11,593,8,2,0,13,94,3,2,4,10,45
1,1.3756532467608773,0.8902392138910922,0.8810861768402488,0.9823943661971831,0.9605157131345688,0.8392857142857143,0.7787610619469026,0.8245614035087719,0.8545454545454545,0.8461538461538461,0.7213114754098361,"{""n_estimators"": 400, ""max_depth"": 20, ""min_samples_leaf"": 2, ""max_features"": 0.5}","{""M"": 1.0, ""OB"": 1.0, ""SL"": 3.0, ""CA"": 4.0}",837,14,2,3,9,596,7,2,0,13,94,3,2,4,11,44
17,1.3719679909677929,0.8898662395082431,0.8717868379037731,0.9871645274212368,0.9652945924132365,0.8363636363636363,0.7706422018348624,0.8363636363636363,0.8363636363636363,0.875,0.6885245901639344,"{""n_estimators"": 500, ""max_depth"": 30, ""min_samples_leaf"": 1, ""max_features"": 0.5}","{""M"": 1.0, ""OB"": 1.0, ""SL"": 3.0, ""CA"": 4.5}",846,8,1,1,9,598,5,2,0,15,92,3,3,4,12,42
5,1.3716114556508754,0.8879437440521293,0.8799398607519873,0.9806451612903225,0.958904109589041,0.8363636363636363,0.7758620689655172,0.8363636363636363,0.8363636363636363,0.8181818181818182,0.7377049180327869,"{""n_estimators"": 500, ""max_depth"": 20, ""min_samples_leaf"": 2, ""max_features"": 0.5}","{""M"": 1.0, ""OB"": 1.0, ""SL"": 3.0, ""CA"": 4.5}",836,13,2,5,11,595,6,2,0,15,92,3,2,4,10,45
23,1.3707736473589964,0.8882187023040512,0.8846622613231959,0.9824150058616647,0.9619433198380567,0.8392857142857143,0.7692307692307693,0.8245614035087719,0.8545454545454545,0.8035714285714286,0.7377049180327869,"{""n_estimators"": 400, ""max_depth"": 20, ""min_samples_leaf"": 2, ""max_features"": 0.7}","{""M"": 1.0, ""OB"": 1.0, ""SL"": 3.0, ""CA"": 4.5}",838,11,2,5,10,594,8,2,0,12,94,4,2,4,10,45
25,1.3703930184584587,0.8872856868105616,0.8829584145450081,0.9795680093403386,0.9592169657422512,0.8384279475982532,0.7719298245614035,0.8067226890756303,0.8727272727272727,0.8301886792452831,0.7213114754098361,"{""n_estimators"": 400, ""max_depth"": 20, ""min_samples_leaf"": 2, ""max_features"": null}","{""M"": 1.0, ""OB"": 1.0, ""SL"": 3.0, ""CA"": 4.5}",839,10,3,4,15,588,9,2,0,11,96,3,3,3,11,44
30,1.368044927758936,0.8879140292456844,0.8748939202861996,0.985981308411215,0.9652384801940178,0.832579185520362,0.7678571428571429,0.8288288288288288,0.8363636363636363,0.8431372549019608,0.7049180327868853,"{""n_estimators"": 500, ""max_depth"": 30, ""min_samples_leaf"": 1, ""max_features"": 0.7}","{""M"": 1.0, ""OB"": 1.0, ""SL"": 3.0, ""CA"": 4.5}",844,8,2,2,9,597,6,2,0,14,92,4,3,4,11,43
28,1.3638998069587243,0.8843208595903032,0.8774150051704319,0.9806224310041104,0.9580645161290322,0.8266666666666667,0.7719298245614035,0.808695652173913,0.8454545454545455,0.8301886792452831,0.7213114754098361,"{""n_estimators"": 400, ""max_depth"": 20, ""min_samples_leaf"": 2, ""max_features"": 0.5}","{""M"": 1.0, ""OB"": 1.1, ""SL"": 3.5, ""CA"": 4.5}",835,14,3,4,10,594,8,2,0,14,93,3,2,4,11,44
19,1.361710099602145,0.8817495934952189,0.8855147539463759,0.9764428739693758,0.9506871463217461,0.8230088495575221,0.7768595041322314,0.8017241379310345,0.8454545454545455,0.7833333333333333,0.7704918032786885,"{""n_estimators"": 500, ""max_depth"": 30, ""min_samples_leaf"": 3, ""max_features"": 0.5}","{""M"": 1.0, ""OB"": 1.0, ""SL"": 3.0, ""CA"": 4.5}",829,19,4,4,11,588,10,5,0,13,93,4,2,3,9,47
20,1.352476161533259,0.8769196592433453,0.8859200347214928,0.9734199645599527,0.9490703314470493,0.8209606986899564,0.7642276422764228,0.7899159663865546,0.8545454545454545,0.7580645161290323,0.7704918032786885,"{""n_estimators"": 400, ""max_depth"": 20, ""min_samples_leaf"": 4, ""max_features"": 0.5}","{""M"": 1.0, ""OB"": 1.0, ""SL"": 3.0, ""CA"": 4.5}",824,23,5,4,11,587,9,7,0,12,94,4,2,1,11,47
18,1.351320040535686,0.877274921036021,0.8782075471655313,0.9764150943396226,0.9525341914722446,0.8198198198198198,0.7603305785123967,0.8125,0.8272727272727273,0.7666666666666667,0.7540983606557377,"{""n_estimators"": 400, ""max_depth"": 20, ""min_samples_leaf"": 3, ""max_features"": 0.5}","{""M"": 1.0, ""OB"": 1.0, ""SL"": 3.0, ""CA"": 4.5}",828,20,3,5,10,592,8,4,0,14,91,5,2,3,10,46
