fold,feature,importance
1,linearity,0.19218387440481363
1,planarity,0.055224835273896995
1,eig_ratio_r12,0.17863218022491897
1,elongation,0.03933688772527276
1,thickness_norm,0.030240091861337092
1,aspect_ratio_xy,0.040830184991920926
1,compactness,0.15884651839064706
1,normal_disp_mean,0.034751241116306876
1,normal_disp_p95,0.028730346296142833
1,rectangularity,0.049254223201054693
1,axis_alignment,0.06475206010445028
1,surface_complexity,0.04581762777296681
1,sl_regular_surface_score,0.08139992863627121
2,linearity,0.17493977807702743
2,planarity,0.055708468445039544
2,eig_ratio_r12,0.18604010762450562
2,elongation,0.03686353248847088
2,thickness_norm,0.034613045537974105
2,aspect_ratio_xy,0.04020220224996503
2,compactness,0.16131371512857962
2,normal_disp_mean,0.03371794671321345
2,normal_disp_p95,0.02794369850677603
2,rectangularity,0.05640794360680963
2,axis_alignment,0.05840207021778544
2,surface_complexity,0.052564427749636926
2,sl_regular_surface_score,0.08128306365421638
3,linearity,0.1875840215884541
3,planarity,0.05881695240645722
3,eig_ratio_r12,0.16732758541669832
3,elongation,0.03145592959019466
3,thickness_norm,0.029663867702172515
3,aspect_ratio_xy,0.028347306052522968
3,compactness,0.16848723306239793
3,normal_disp_mean,0.03203313677433153
3,normal_disp_p95,0.034986548709518464
3,rectangularity,0.055764568574087375
3,axis_alignment,0.05800041054590573
3,surface_complexity,0.06721286276370315
3,sl_regular_surface_score,0.08031957681355593
4,linearity,0.18736286949696873
4,planarity,0.06649285415969634
4,eig_ratio_r12,0.1717278692305542
4,elongation,0.03278216959021597
4,thickness_norm,0.0325834487267494
4,aspect_ratio_xy,0.03804295552200956
4,compactness,0.16490717999573007
4,normal_disp_mean,0.03356708827875534
4,normal_disp_p95,0.027476288814893845
4,rectangularity,0.05554667304332034
4,axis_alignment,0.06004192930765524
4,surface_complexity,0.057626571952406065
4,sl_regular_surface_score,0.07184210188104488
5,linearity,0.1633958301027499
5,planarity,0.06700495263669656
5,eig_ratio_r12,0.18795480679941146
5,elongation,0.029254245641841342
5,thickness_norm,0.02699349437280791
5,aspect_ratio_xy,0.030387567538956318
5,compactness,0.17384757981063634
5,normal_disp_mean,0.03294945860707475
5,normal_disp_p95,0.02713832042766004
5,rectangularity,0.051865109653179566
5,axis_alignment,0.057232536511176796
5,surface_complexity,0.06658117665544469
5,sl_regular_surface_score,0.08539492124236436
