feature,importance
linearity,0.16965739157508258
eig_ratio_r12,0.165698506576269
compactness,0.15096535441848466
sl_regular_surface_score,0.05598059379521718
area_to_volume_ratio,0.03500125031991157
planarity,0.03461779917129041
irregularity_score,0.03171371618700292
complexity_ratio,0.031099100161615257
axis_alignment,0.02995498397307156
ca_surface_score,0.026444529254180726
surface_complexity,0.02556239161004043
ob_regular_score,0.025268893037745564
concavity_score,0.022592729642546616
aspect_ratio_xy,0.021763378025677526
occupancy,0.021092986723305847
rectangularity,0.019666193294360198
elongation,0.018313016499343603
ca_sl_balance,0.01623770116845501
thickness_norm,0.015519134082638336
normal_disp_mean,0.014552149931854705
normal_disp_std,0.014042004686625656
aspect_ratio_yz,0.013208949325706857
normal_disp_p90,0.011322687547808038
eig_ratio_r23,0.010610932832995534
curvature_proxy,0.01016950046215071
normal_disp_p95,0.008944125696619565
