index,feature,mean,std
3,eig_ratio_r12,0.17644901679257086,0.015296309344650039
5,linearity,0.17406109811017748,0.0070582044588447185
2,compactness,0.16422492614555356,0.005800525967094413
10,sl_regular_surface_score,0.08559730166386903,0.008628387193128705
8,planarity,0.06190256350690978,0.006579747730999391
11,surface_complexity,0.06103489637735131,0.009677305788025822
1,axis_alignment,0.05930969448984317,0.001364553186586602
9,rectangularity,0.048995017544934974,0.0011874427222952888
0,aspect_ratio_xy,0.03791249489521182,0.003678874723237692
4,elongation,0.03575483850665831,0.003516693895566715
12,thickness_norm,0.0335313482043665,0.003714925401225405
6,normal_disp_mean,0.033341509817555987,0.0007984868000033969
7,normal_disp_p95,0.02788529394499727,0.002708775198268064
