feature,mean,std
linearity,0.26876995178854546,0.007906538545698588
planarity,0.1674710911718871,0.014299867484161621
compactness,0.14523457546465549,0.005430513330129853
boundary_edge_cv,0.054416744621326674,0.006147334870553211
axis_alignment,0.04999740133330745,0.005482994935064748
perimeter_rect_ratio,0.04683397352930558,0.005434856368184104
rectangularity,0.04300102952576674,0.003836793455709512
elongation,0.03458386604766911,0.004900219902583857
boundary_turning_std,0.0338078113954966,0.0037241853029560718
thickness_norm,0.03330536458105131,0.0037776307154108917
normal_disp_p95,0.030219330157207597,0.0036004561328455095
hull_vertex_density,0.029602762849018194,0.0034132192281210645
local_surface_bending_std,0.022821688006515625,0.002876308033366067
local_surface_bending_p95,0.021688995267863866,0.002971487025803303
local_surface_bending_mean,0.018245414260383185,0.002584002707293588
