filename,predicted_class,label,class_0_prob,class_1_prob,class_2_prob,mark
chair_001_01.obj,0,0,0.614,0.3123,0.0736,
chair_001_02.obj,0,0,0.9936,0.0058,0.0005,
chair_001_03.obj,0,0,0.986,0.0128,0.0011,
chair_001_04.obj,0,0,0.614,0.3123,0.0736,
chair_001_05.obj,0,0,0.9936,0.0058,0.0005,
chair_001_06.obj,0,0,0.986,0.0128,0.0011,
chair_001_07.obj,0,0,0.8113,0.1816,0.0071,
chair_001_08.obj,0,0,0.9679,0.0281,0.004,
chair_001_09.obj,0,0,0.9679,0.0281,0.004,
chair_001_10.obj,0,0,0.8358,0.1574,0.0067,
chair_001_11.obj,0,0,0.7546,0.2359,0.0096,
chair_001_12.obj,0,0,0.7535,0.2369,0.0096,
chair_001_13.obj,0,0,0.7545,0.2359,0.0096,
chair_001_14.obj,0,0,0.7542,0.2362,0.0096,
chair_001_15.obj,0,0,0.7553,0.2351,0.0096,
chair_001_16.obj,0,0,0.6126,0.3449,0.0426,
chair_001_17.obj,0,0,0.6126,0.3449,0.0426,
chair_001_18.obj,0,0,0.8114,0.1815,0.0071,
chair_001_19.obj,0,0,0.786,0.2052,0.0088,
chair_001_20.obj,0,0,0.786,0.2052,0.0088,
chair_001_21.obj,0,0,0.786,0.2052,0.0088,
chair_001_22.obj,0,0,0.786,0.2052,0.0088,
chair_001_23.obj,0,0,0.786,0.2052,0.0088,
chair_001_24.obj,0,0,0.8508,0.1384,0.0107,
chair_001_25.obj,0,0,0.8561,0.133,0.011,
chair_001_26.obj,0,0,0.721,0.2324,0.0466,
chair_001_27.obj,0,0,0.7209,0.2324,0.0466,
chair_011_01.obj,1,1,0.0693,0.9274,0.0033,
chair_011_02.obj,1,1,0.3458,0.6128,0.0413,
chair_011_03.obj,1,1,0.3463,0.6126,0.0411,
chair_011_04.obj,1,1,0.0577,0.9376,0.0048,
chair_011_05.obj,1,1,0.0552,0.9402,0.0045,
chair_011_06.obj,0,0,0.8708,0.1165,0.0127,
chair_011_07.obj,0,0,0.9129,0.0806,0.0065,
chair_011_08.obj,0,0,0.9276,0.0622,0.0103,
chair_011_09.obj,0,0,0.9022,0.0915,0.0063,
chair_011_10.obj,0,0,0.9268,0.0628,0.0104,
chair_011_11.obj,1,1,0.1,0.8574,0.0425,
chair_015_01.obj,1,0,0.2823,0.6418,0.0758,x
chair_015_02.obj,0,0,0.6623,0.288,0.0497,
chair_015_03.obj,0,0,0.6794,0.2737,0.0469,
chair_015_04.obj,1,1,0.0623,0.9341,0.0036,
chair_015_05.obj,0,0,0.8845,0.0966,0.0189,
chair_015_06.obj,0,0,0.8846,0.0965,0.019,
chair_015_07.obj,0,0,0.9852,0.0127,0.0021,
chair_015_08.obj,0,0,0.9877,0.0098,0.0025,
chair_015_09.obj,0,0,0.9852,0.0127,0.0021,
chair_015_10.obj,0,0,0.9887,0.0088,0.0025,
chair_018_01.obj,1,1,0.0778,0.9141,0.0081,
chair_018_02.obj,0,0,0.9614,0.0346,0.004,
chair_018_03.obj,0,0,0.9614,0.0347,0.004,
chair_018_04.obj,0,0,0.9615,0.0345,0.004,
chair_018_05.obj,0,0,0.9617,0.0343,0.004,
chair_018_06.obj,0,0,0.9156,0.0797,0.0046,
chair_018_07.obj,0,0,0.9224,0.0731,0.0045,
chair_018_08.obj,0,0,0.7646,0.222,0.0135,
chair_018_09.obj,0,0,0.7646,0.222,0.0135,
chair_019_01.obj,1,1,0.2418,0.6592,0.099,
chair_019_02.obj,1,1,0.2418,0.6592,0.099,
chair_019_03.obj,1,1,0.0674,0.9283,0.0042,
chair_019_04.obj,1,1,0.3471,0.5269,0.126,
chair_019_05.obj,1,1,0.3609,0.5063,0.1329,
chair_019_06.obj,1,1,0.1499,0.8371,0.013,
chair_019_07.obj,1,1,0.1509,0.8354,0.0137,
chair_019_08.obj,1,1,0.3942,0.6008,0.0049,
chair_019_09.obj,0,0,0.5283,0.3867,0.085,
chair_019_10.obj,0,0,0.5338,0.3808,0.0854,
chair_019_11.obj,0,0,0.5299,0.3852,0.0849,
chair_019_12.obj,0,0,0.5364,0.3786,0.085,
chair_019_13.obj,0,0,0.6117,0.3071,0.0812,
chair_019_14.obj,0,0,0.6117,0.3072,0.0811,
chair_023_01.obj,1,1,0.076,0.9192,0.0048,
chair_023_02.obj,1,1,0.3827,0.5919,0.0255,
chair_023_03.obj,1,1,0.3831,0.5913,0.0256,
chair_023_04.obj,1,1,0.0588,0.9373,0.004,
chair_023_05.obj,1,2,0.1942,0.4127,0.3931,x
chair_023_06.obj,0,0,0.8934,0.0894,0.0172,
chair_023_07.obj,0,0,0.8929,0.0899,0.0172,
chair_023_08.obj,0,0,0.8932,0.0896,0.0172,
chair_023_09.obj,0,0,0.8928,0.0899,0.0172,
chair_023_10.obj,1,1,0.1073,0.8502,0.0425,
chair_026_01.obj,1,1,0.0699,0.9212,0.0089,
chair_026_02.obj,1,1,0.1053,0.8848,0.0099,
chair_026_03.obj,1,1,0.0884,0.9044,0.0072,
chair_026_04.obj,0,0,0.9946,0.004,0.0013,
chair_026_05.obj,0,0,0.9944,0.0043,0.0014,
chair_026_06.obj,0,0,0.9058,0.0636,0.0305,
chair_026_07.obj,1,0,0.0906,0.9027,0.0067,x
chair_026_08.obj,1,1,0.1209,0.8352,0.0439,
chair_027_01.obj,1,1,0.0319,0.966,0.0021,
chair_027_02.obj,0,0,0.9977,0.0019,0.0004,
chair_027_03.obj,0,0,0.9977,0.0019,0.0004,
chair_027_04.obj,1,1,0.0572,0.9392,0.0035,
chair_027_05.obj,0,0,0.7323,0.2532,0.0144,
chair_027_06.obj,0,0,0.7323,0.2532,0.0144,
chair_027_07.obj,0,0,0.9626,0.0341,0.0033,
chair_027_08.obj,0,0,0.9626,0.0341,0.0033,
chair_027_09.obj,1,0,0.1695,0.7938,0.0367,x
chair_027_10.obj,1,0,0.3187,0.6545,0.0268,x
chair_027_11.obj,1,0,0.1514,0.8136,0.035,x
chair_027_12.obj,1,0,0.3187,0.6545,0.0268,x
chair_028_01.obj,0,0,0.5338,0.4291,0.0371,
chair_028_02.obj,0,0,0.9962,0.0034,0.0004,
chair_028_03.obj,0,0,0.9962,0.0034,0.0004,
chair_028_04.obj,0,0,0.7778,0.193,0.0291,
chair_028_05.obj,0,0,0.7955,0.1765,0.028,
chair_028_06.obj,1,1,0.0613,0.9346,0.004,
chair_028_07.obj,0,0,0.9577,0.038,0.0043,
chair_028_08.obj,0,0,0.9577,0.038,0.0043,
chair_029_01.obj,1,1,0.0738,0.9215,0.0047,
chair_029_02.obj,1,1,0.0667,0.9296,0.0036,
chair_029_03.obj,0,0,0.6611,0.3276,0.0114,
chair_029_04.obj,0,0,0.9306,0.064,0.0055,
chair_029_05.obj,0,0,0.6538,0.2998,0.0464,
chair_029_06.obj,0,0,0.661,0.3276,0.0114,
chair_029_07.obj,0,0,0.9306,0.064,0.0055,
chair_029_08.obj,0,0,0.6553,0.2983,0.0464,
chair_029_09.obj,0,0,0.908,0.0866,0.0054,
chair_029_10.obj,0,0,0.8448,0.1316,0.0236,
chair_029_11.obj,0,0,0.9285,0.064,0.0075,
chair_029_12.obj,0,0,0.908,0.0866,0.0054,
chair_029_13.obj,0,0,0.8435,0.1329,0.0237,
chair_029_14.obj,0,0,0.9286,0.0639,0.0075,
chair_032_01.obj,1,0,0.3197,0.6048,0.0755,x
chair_032_02.obj,0,0,0.9936,0.0049,0.0015,
chair_032_03.obj,0,0,0.9949,0.0033,0.0018,
chair_032_04.obj,1,1,0.0802,0.9138,0.006,
chair_032_05.obj,0,0,0.9827,0.0138,0.0035,
chair_032_06.obj,0,0,0.9827,0.0138,0.0035,
chair_032_07.obj,0,0,0.5631,0.2745,0.1625,
chair_032_08.obj,0,0,0.5974,0.2521,0.1505,
chair_032_09.obj,0,0,0.4989,0.4824,0.0187,
chair_032_10.obj,0,0,0.8164,0.1736,0.01,
chair_053_01.obj,1,1,0.098,0.8892,0.0128,
chair_053_02.obj,1,1,0.4347,0.509,0.0563,
chair_053_03.obj,1,1,0.4354,0.508,0.0566,
chair_053_04.obj,1,1,0.0882,0.9068,0.005,
chair_053_05.obj,0,0,0.9125,0.0816,0.0059,
chair_053_06.obj,0,0,0.8967,0.0945,0.0088,
chair_053_07.obj,0,0,0.9146,0.0797,0.0057,
chair_053_08.obj,0,0,0.8969,0.0943,0.0088,
chair_053_09.obj,1,0,0.4253,0.5592,0.0155,x
chair_053_10.obj,0,0,0.8873,0.1028,0.0099,
chair_053_11.obj,0,0,0.7785,0.1838,0.0377,
chair_053_12.obj,0,0,0.9384,0.0537,0.0079,
chair_053_13.obj,0,0,0.8873,0.1027,0.0099,
chair_053_14.obj,0,0,0.7784,0.1839,0.0377,
chair_053_15.obj,0,0,0.9359,0.0563,0.0077,
chair_053_16.obj,1,1,0.11,0.811,0.079,
chair_055_01.obj,1,1,0.1667,0.8292,0.0041,
chair_055_02.obj,1,1,0.0619,0.9345,0.0035,
chair_055_03.obj,0,0,0.9706,0.0272,0.0021,
chair_055_04.obj,0,0,0.9706,0.0272,0.0021,
chair_055_05.obj,0,0,0.9654,0.0317,0.0029,
chair_055_06.obj,0,0,0.9654,0.0317,0.0029,
chair_064_01.obj,1,1,0.0902,0.8821,0.0276,
chair_064_02.obj,1,1,0.1493,0.8308,0.0199,
chair_064_03.obj,0,0,0.9807,0.0153,0.004,
chair_064_04.obj,0,0,0.9807,0.0153,0.004,
chair_064_05.obj,0,0,0.98,0.0178,0.0022,
chair_064_06.obj,0,0,0.98,0.0178,0.0022,
chair_064_07.obj,0,0,0.8915,0.1031,0.0054,
chair_064_08.obj,0,0,0.8879,0.1007,0.0114,
chair_066_01.obj,0,0,0.9036,0.0894,0.0071,
chair_066_02.obj,0,0,0.9887,0.0073,0.004,
chair_066_03.obj,0,0,0.9769,0.0204,0.0027,
chair_066_04.obj,0,0,0.9805,0.0176,0.0019,
chair_066_05.obj,0,0,0.9823,0.0161,0.0016,
chair_066_06.obj,0,0,0.9834,0.0151,0.0014,
chair_066_07.obj,0,0,0.9834,0.0151,0.0014,
chair_066_08.obj,0,0,0.9823,0.0161,0.0016,
chair_066_09.obj,0,0,0.9805,0.0177,0.0019,
chair_066_10.obj,0,0,0.9769,0.0204,0.0027,
chair_066_11.obj,0,0,0.9887,0.0073,0.004,
chair_066_12.obj,1,1,0.056,0.9407,0.0034,
chair_066_13.obj,1,2,0.3724,0.4331,0.1946,x
chair_066_14.obj,0,0,0.9057,0.0862,0.0081,
chair_066_15.obj,0,0,0.9074,0.0843,0.0083,
chair_066_16.obj,0,0,0.8838,0.101,0.0153,
chair_066_17.obj,0,0,0.8394,0.1549,0.0057,
chair_066_18.obj,0,0,0.8838,0.1009,0.0153,
chair_066_19.obj,1,2,0.1565,0.6559,0.1877,x
chair_066_20.obj,1,2,0.1619,0.6969,0.1412,x
chair_066_21.obj,1,2,0.1123,0.4442,0.4434,x
chair_066_22.obj,1,2,0.1072,0.4495,0.4433,x
chair_066_23.obj,2,2,0.1117,0.4399,0.4484,
chair_076_01.obj,1,1,0.0914,0.8934,0.0153,
chair_076_02.obj,1,1,0.1226,0.8668,0.0106,
chair_076_03.obj,1,1,0.109,0.8504,0.0407,
chair_076_04.obj,1,1,0.3171,0.5694,0.1135,
chair_076_05.obj,1,1,0.3171,0.5694,0.1135,
chair_076_06.obj,1,1,0.1942,0.795,0.0108,
chair_076_07.obj,1,2,0.2497,0.4823,0.2681,x
chair_076_08.obj,1,2,0.2497,0.4823,0.2681,x
chair_076_09.obj,1,2,0.2497,0.4823,0.2681,x
chair_076_10.obj,1,2,0.2497,0.4823,0.2681,x
chair_085_01.obj,1,1,0.2249,0.625,0.1501,
chair_085_02.obj,1,1,0.0836,0.9096,0.0068,
chair_085_03.obj,0,0,0.5569,0.2722,0.171,
chair_085_04.obj,0,0,0.5568,0.2723,0.1709,
chair_095_01.obj,1,0,0.3469,0.6432,0.01,x
chair_095_02.obj,1,0,0.2662,0.7263,0.0075,x
chair_095_03.obj,1,0,0.2662,0.7263,0.0075,x
chair_095_04.obj,0,0,0.8252,0.1704,0.0045,
chair_138_01.obj,0,1,0.4311,0.3771,0.1918,x
chair_138_02.obj,1,1,0.1182,0.8663,0.0155,
chair_138_03.obj,0,0,0.9468,0.0494,0.0038,
chair_138_04.obj,0,0,0.9468,0.0494,0.0038,
chair_138_05.obj,0,0,0.9418,0.0538,0.0044,
chair_138_06.obj,0,0,0.9425,0.0532,0.0044,
chair_171_01.obj,0,0,0.9116,0.0844,0.004,
chair_171_02.obj,0,0,0.9116,0.0844,0.004,
chair_171_03.obj,0,0,0.9116,0.0844,0.004,
chair_171_04.obj,0,0,0.9972,0.0025,0.0002,
chair_171_05.obj,0,0,0.9972,0.0025,0.0002,
chair_171_06.obj,1,1,0.1618,0.7305,0.1076,
chair_171_07.obj,0,0,0.9677,0.0297,0.0026,
chair_171_08.obj,0,0,0.9677,0.0297,0.0026,
chair_171_09.obj,0,0,0.7815,0.2109,0.0077,
chair_171_10.obj,0,0,0.5791,0.3824,0.0385,
chair_171_11.obj,0,0,0.7844,0.2079,0.0077,
chair_171_12.obj,0,0,0.5791,0.3824,0.0385,
chair_244_01.obj,1,1,0.2033,0.6499,0.1468,
chair_244_02.obj,1,1,0.1241,0.8655,0.0104,
chair_244_03.obj,1,0,0.2974,0.6558,0.0468,x
chair_244_04.obj,0,0,0.7979,0.1771,0.025,
chair_244_05.obj,0,0,0.7637,0.2187,0.0176,
chair_244_06.obj,0,0,0.7392,0.2457,0.0151,
chair_244_07.obj,0,0,0.759,0.223,0.018,
chair_244_08.obj,0,0,0.4944,0.4574,0.0482,
chair_244_09.obj,0,0,0.7029,0.29,0.0071,
chair_244_10.obj,0,0,0.5655,0.3924,0.0421,
chair_267_01.obj,1,1,0.0732,0.9089,0.0179,
chair_267_02.obj,1,1,0.2986,0.6517,0.0497,
chair_267_03.obj,1,1,0.3058,0.6341,0.0601,
chair_267_04.obj,1,1,0.066,0.9296,0.0044,
chair_267_05.obj,0,0,0.983,0.0141,0.0029,
chair_267_06.obj,0,0,0.983,0.0141,0.0029,
chair_267_07.obj,0,0,0.9816,0.0145,0.0039,
chair_267_08.obj,0,0,0.9816,0.0146,0.0039,
chair_267_09.obj,1,1,0.0932,0.7298,0.177,
chair_002_01.obj,1,1,0.0232,0.9759,0.0009,
chair_002_02.obj,0,0,0.7689,0.2295,0.0016,
chair_002_03.obj,0,0,0.9196,0.0786,0.0019,
chair_002_04.obj,0,0,0.935,0.0631,0.002,
chair_002_05.obj,0,0,0.8289,0.1689,0.0022,
chair_002_06.obj,1,1,0.0268,0.9724,0.0008,
chair_002_07.obj,0,0,0.6193,0.3744,0.0063,
chair_002_08.obj,0,0,0.6195,0.3742,0.0063,
chair_002_09.obj,0,0,0.8866,0.1113,0.0022,
chair_002_10.obj,0,0,0.8855,0.1123,0.0022,
BedSet_02_01.obj,0,0,0.5048,0.484,0.0112,
BedSet_02_02.obj,0,1,0.509,0.4798,0.0113,x
BedSet_02_03.obj,0,1,0.5072,0.4815,0.0113,x
BedSet_02_04.obj,0,1,0.5055,0.4832,0.0112,x
BedSet_02_05.obj,0,1,0.5122,0.4385,0.0493,x
BedSet_02_06.obj,0,1,0.5122,0.4385,0.0493,x
BedSet_02_07.obj,0,1,0.5122,0.4385,0.0493,x
BedSet_02_08.obj,0,0,0.5122,0.4385,0.0493,
BedSet_02_09.obj,0,1,0.5122,0.4385,0.0493,x
BedSet_02_10.obj,0,1,0.5122,0.4385,0.0493,x
BedSet_02_11.obj,0,1,0.5122,0.4385,0.0493,x
BedSet_02_12.obj,0,1,0.5122,0.4385,0.0493,x
BedSet_02_13.obj,0,1,0.5122,0.4385,0.0493,x
BedSet_02_14.obj,0,1,0.7763,0.2155,0.0082,x
BedSet_02_15.obj,0,1,0.5136,0.4106,0.0758,x
BedSet_02_16.obj,0,1,0.5122,0.4385,0.0493,x
BedSet_02_17.obj,0,0,0.6635,0.3284,0.008,
BedSet_02_18.obj,0,1,0.5122,0.4385,0.0493,x
BedSet_02_19.obj,0,1,0.7675,0.2243,0.0082,x
BedSet_02_20.obj,1,0,0.3658,0.4438,0.1904,x
BedSet_02_21.obj,0,1,0.5122,0.4385,0.0493,x
BedSet_02_22.obj,0,2,0.5122,0.4385,0.0493,x
BedSet_02_23.obj,0,0,0.5122,0.4385,0.0493,
BedSet_02_24.obj,1,0,0.3608,0.5512,0.088,x
BedSet_03_01.obj,1,1,0.2931,0.6473,0.0596,
BedSet_03_02.obj,0,1,0.9274,0.0696,0.003,x
BedSet_03_03.obj,0,1,0.928,0.069,0.003,x
BedSet_04_01.obj,0,1,0.9216,0.0739,0.0044,x
BedSet_04_02.obj,1,1,0.2994,0.63,0.0706,
BedSet_04_03.obj,1,1,0.4735,0.4781,0.0484,
BedSet_04_04.obj,1,1,0.4735,0.4781,0.0484,
BedSet_04_05.obj,1,1,0.4735,0.4781,0.0484,
BedSet_04_06.obj,1,1,0.4735,0.4781,0.0484,
BedSet_04_07.obj,1,1,0.4735,0.4781,0.0484,
BedSet_04_08.obj,1,1,0.4735,0.4781,0.0484,
BedSet_04_09.obj,1,1,0.4735,0.4781,0.0484,
BedSet_04_10.obj,1,1,0.4735,0.4781,0.0484,
BedSet_04_11.obj,0,1,0.6222,0.3637,0.014,x
BedSet_04_12.obj,0,1,0.6222,0.3637,0.014,x
BedSet_04_13.obj,0,1,0.4927,0.4424,0.0649,x
BedSet_04_14.obj,0,1,0.9216,0.0739,0.0044,x
BedSet_04_15.obj,0,1,0.9216,0.0739,0.0044,x
BedSet_04_16.obj,0,1,0.5001,0.4346,0.0653,x
BedSet_04_17.obj,0,0,0.4927,0.4424,0.0649,
BedSet_04_18.obj,0,0,0.9216,0.0739,0.0044,
BedSet_04_19.obj,0,0,0.5001,0.4346,0.0653,
BedSet_04_20.obj,0,0,0.8089,0.1886,0.0025,
BedSet_04_21.obj,1,1,0.0511,0.9089,0.04,
BedSet_04_22.obj,1,1,0.0147,0.984,0.0013,
BedSet_05_01.obj,1,0,0.2951,0.5228,0.1821,x
BedSet_05_02.obj,1,0,0.2652,0.6926,0.0421,x
BedSet_05_03.obj,1,0,0.1563,0.8283,0.0153,x
BedSet_05_04.obj,1,0,0.1563,0.8283,0.0153,x
BedSet_05_05.obj,1,0,0.1564,0.8282,0.0154,x
BedSet_05_06.obj,1,0,0.1564,0.8282,0.0154,x
BedSet_05_07.obj,0,0,0.5591,0.3291,0.1118,
BedSet_05_08.obj,0,0,0.5293,0.4065,0.0643,
BedSet_05_09.obj,0,0,0.9488,0.0499,0.0012,
BedSet_05_10.obj,0,0,0.9462,0.0525,0.0013,
BedSet_05_11.obj,0,0,0.9462,0.0525,0.0013,
BedSet_05_12.obj,0,0,0.9462,0.0525,0.0013,
BedSet_05_13.obj,0,0,0.9462,0.0525,0.0013,
BedSet_05_14.obj,0,0,0.9462,0.0525,0.0013,
BedSet_05_15.obj,0,0,0.9462,0.0525,0.0013,
BedSet_05_16.obj,0,0,0.8745,0.1223,0.0032,
BedSet_05_17.obj,0,0,0.8745,0.1223,0.0032,
BedSet_05_18.obj,0,0,0.8686,0.1282,0.0032,
BedSet_05_19.obj,0,0,0.8655,0.1326,0.0019,
BedSet_05_20.obj,0,0,0.9018,0.0951,0.0031,
BedSet_05_21.obj,0,0,0.9397,0.059,0.0013,
BedSet_05_22.obj,0,0,0.9397,0.059,0.0013,
BedSet_05_23.obj,0,0,0.9397,0.059,0.0013,
BedSet_05_24.obj,0,0,0.9397,0.059,0.0013,
BedSet_05_25.obj,0,0,0.9397,0.059,0.0013,
BedSet_05_26.obj,0,0,0.9397,0.059,0.0013,
BedSet_05_27.obj,0,0,0.9397,0.059,0.0013,
BedSet_05_28.obj,0,0,0.9397,0.059,0.0013,
BedSet_05_29.obj,0,0,0.9397,0.059,0.0013,
BedSet_05_30.obj,0,0,0.9397,0.059,0.0013,
BedSet_05_31.obj,0,0,0.9397,0.059,0.0013,
BedSet_05_32.obj,0,0,0.9397,0.059,0.0013,
BedSet_05_33.obj,0,0,0.9397,0.059,0.0013,
BedSet_05_34.obj,0,0,0.9397,0.059,0.0013,
BedSet_05_35.obj,0,0,0.9397,0.059,0.0013,
BedSet_06_01.obj,0,0,0.9366,0.0603,0.0031,
BedSet_06_02.obj,0,0,0.9912,0.0081,0.0007,
BedSet_06_03.obj,0,0,0.9912,0.0081,0.0007,
BedSet_06_04.obj,1,0,0.2706,0.6983,0.0312,x
BedSet_06_05.obj,0,0,0.9912,0.0081,0.0007,
BedSet_06_06.obj,1,0,0.2677,0.7023,0.03,x
BedSet_06_07.obj,0,0,0.5339,0.4114,0.0547,
BedSet_06_08.obj,1,0,0.241,0.737,0.022,x
BedSet_06_09.obj,0,0,0.9031,0.0937,0.0032,
BedSet_06_10.obj,0,0,0.9031,0.0937,0.0032,
BedSet_06_11.obj,0,0,0.8642,0.1314,0.0044,
BedSet_06_12.obj,0,1,0.898,0.0987,0.0033,x
BedSet_06_13.obj,0,0,0.9031,0.0937,0.0032,
BedSet_07_01.obj,1,0,0.335,0.5666,0.0984,x
BedSet_07_02.obj,0,0,0.8734,0.1213,0.0054,
BedSet_07_03.obj,0,0,0.5389,0.3913,0.0698,
BedSet_07_04.obj,0,0,0.8734,0.1213,0.0054,
BedSet_07_05.obj,0,0,0.8365,0.1483,0.0152,
BedSet_07_06.obj,0,0,0.8548,0.1228,0.0223,
BedSet_07_07.obj,0,0,0.8365,0.1483,0.0152,
BedSet_07_08.obj,0,0,0.853,0.1251,0.0218,
BedSet_07_09.obj,0,0,0.4803,0.3867,0.133,
BedSet_07_10.obj,0,0,0.9429,0.0554,0.0017,
BedSet_07_11.obj,0,0,0.9429,0.0554,0.0017,
BedSet_07_12.obj,0,0,0.9429,0.0554,0.0017,
BedSet_07_13.obj,0,0,0.9429,0.0554,0.0017,
BedSet_07_14.obj,0,0,0.9429,0.0554,0.0017,
BedSet_07_15.obj,1,1,0.1851,0.8119,0.003,
BedSet_07_16.obj,0,0,0.9419,0.0567,0.0014,
BedSet_07_17.obj,1,0,0.0264,0.9729,0.0007,x
BedSet_07_18.obj,1,1,0.2083,0.7885,0.0033,
BedSet_07_19.obj,0,0,0.9415,0.0569,0.0016,
BedSet_07_20.obj,0,0,0.9415,0.0569,0.0016,
BedSet_07_21.obj,0,0,0.9415,0.0569,0.0016,
BedSet_07_22.obj,0,0,0.9415,0.0569,0.0016,
BedSet_07_23.obj,0,0,0.9532,0.0457,0.0011,
BedSet_07_24.obj,0,0,0.936,0.0625,0.0015,
BedSet_07_25.obj,0,0,0.94,0.0586,0.0014,
BedSet_07_26.obj,0,0,0.9391,0.0594,0.0014,
BedSet_07_27.obj,1,1,0.0596,0.9213,0.0191,
BedSet_08_01.obj,0,0,0.7532,0.2376,0.0092,
BedSet_08_02.obj,0,0,0.7532,0.2376,0.0092,
BedSet_08_03.obj,0,0,0.5035,0.3788,0.1177,
BedSet_08_04.obj,0,0,0.5165,0.4375,0.046,
BedSet_08_05.obj,1,0,0.1345,0.8563,0.0092,x
BedSet_08_06.obj,1,0,0.2957,0.656,0.0483,x
BedSet_08_07.obj,1,0,0.1035,0.8902,0.0063,x
BedSet_08_08.obj,1,0,0.1309,0.8609,0.0083,x
BedSet_08_09.obj,1,0,0.298,0.6541,0.0479,x
BedSet_08_10.obj,1,1,0.1051,0.8784,0.0165,
BedSet_08_11.obj,1,0,0.089,0.8965,0.0144,x
BedSet_08_12.obj,0,0,0.9506,0.0481,0.0012,
BedSet_08_13.obj,0,0,0.9478,0.0509,0.0013,
BedSet_08_14.obj,0,0,0.9478,0.0509,0.0013,
BedSet_08_15.obj,0,0,0.9498,0.049,0.0012,
BedSet_08_16.obj,0,0,0.9065,0.0918,0.0017,
BedSet_08_17.obj,0,0,0.9068,0.0915,0.0017,
BedSet_08_18.obj,1,1,0.1671,0.8301,0.0028,
BedSet_08_19.obj,0,0,0.9498,0.049,0.0012,
BedSet_08_20.obj,0,0,0.9211,0.0769,0.002,
BedSet_08_21.obj,0,0,0.9211,0.0769,0.002,
BedSet_08_22.obj,0,0,0.868,0.1303,0.0017,
BedSet_08_23.obj,0,0,0.8757,0.1226,0.0017,
BedSet_08_24.obj,0,0,0.8551,0.1428,0.002,
BedSet_08_25.obj,1,1,0.0462,0.9104,0.0434,
BedSet_08_26.obj,1,1,0.0144,0.9846,0.0011,
BedSet_09_01.obj,0,1,0.5023,0.4858,0.0118,x
BedSet_09_02.obj,0,1,0.4989,0.4894,0.0118,x
BedSet_09_03.obj,0,1,0.5006,0.4876,0.0118,x
BedSet_09_04.obj,0,1,0.4981,0.4901,0.0118,x
BedSet_09_05.obj,0,1,0.5146,0.4415,0.0439,x
BedSet_09_06.obj,0,1,0.7579,0.2338,0.0083,x
BedSet_09_07.obj,0,1,0.6468,0.3449,0.0083,x
BedSet_09_08.obj,1,0,0.3654,0.4439,0.1908,x
BedSet_09_09.obj,0,1,0.4968,0.4307,0.0725,x
BedSet_09_10.obj,0,1,0.5146,0.4415,0.0439,x
BedSet_09_11.obj,0,1,0.5146,0.4415,0.0439,x
BedSet_09_12.obj,0,1,0.5146,0.4415,0.0439,x
BedSet_09_13.obj,0,1,0.5146,0.4415,0.0439,x
BedSet_09_14.obj,0,2,0.5146,0.4415,0.0439,x
BedSet_09_15.obj,0,2,0.5146,0.4415,0.0439,x
BedSet_09_16.obj,0,2,0.5146,0.4415,0.0439,x
BedSet_09_17.obj,0,1,0.5146,0.4415,0.0439,x
BedSet_10_01.obj,1,2,0.2991,0.5817,0.1192,x
BedSet_10_02.obj,0,2,0.5568,0.3554,0.0878,x
BedSet_10_03.obj,0,2,0.4636,0.4056,0.1308,x
BedSet_10_04.obj,0,2,0.9055,0.09,0.0045,x
BedSet_10_05.obj,0,1,0.9184,0.0777,0.0039,x
BedSet_10_06.obj,0,0,0.9055,0.09,0.0045,
BedSet_10_07.obj,0,0,0.9184,0.0777,0.0039,
BedSet_10_08.obj,0,0,0.9542,0.0445,0.0012,
BedSet_10_09.obj,0,0,0.8571,0.1408,0.0021,
BedSet_10_10.obj,0,0,0.9496,0.0491,0.0014,
BedSet_10_11.obj,0,0,0.9267,0.0717,0.0017,
BedSet_10_12.obj,0,0,0.857,0.1408,0.0021,
BedSet_10_13.obj,0,0,0.9542,0.0445,0.0012,
BedSet_10_14.obj,0,0,0.9542,0.0445,0.0012,
BedSet_10_15.obj,0,0,0.9542,0.0445,0.0012,
BedSet_10_16.obj,0,0,0.9542,0.0445,0.0012,
BedSet_10_17.obj,0,0,0.9542,0.0445,0.0012,
BedSet_10_18.obj,0,0,0.9542,0.0445,0.0012,
BedSet_10_19.obj,0,0,0.9563,0.0425,0.0012,
BedSet_10_20.obj,0,0,0.9496,0.0491,0.0014,
BedSet_10_21.obj,0,0,0.9542,0.0445,0.0012,
BedSet_10_22.obj,0,0,0.956,0.0428,0.0012,
BedSet_10_23.obj,0,0,0.9542,0.0445,0.0012,
BedSet_10_24.obj,0,0,0.9563,0.0425,0.0012,
BedSet_10_25.obj,0,0,0.9542,0.0445,0.0012,
BedSet_10_26.obj,0,0,0.9542,0.0445,0.0012,
BedSet_10_27.obj,0,0,0.9542,0.0445,0.0012,
BedSet_10_28.obj,0,0,0.956,0.0428,0.0012,
BedSet_10_29.obj,0,0,0.9542,0.0445,0.0012,
BedSet_10_30.obj,0,0,0.956,0.0428,0.0012,
BedSet_10_31.obj,0,0,0.9542,0.0445,0.0012,
BedSet_10_32.obj,0,0,0.9542,0.0445,0.0012,
BedSet_10_33.obj,1,1,0.0,0.9999,0.0001,
BedSet_10_34.obj,0,0,0.9542,0.0445,0.0012,
BedSet_10_35.obj,0,0,0.9542,0.0445,0.0012,
BedSet_10_36.obj,0,0,0.9542,0.0445,0.0012,
BedSet_10_37.obj,0,0,0.9542,0.0445,0.0012,
BedSet_10_38.obj,0,0,0.9542,0.0445,0.0012,
BedSet_10_39.obj,0,0,0.9542,0.0445,0.0012,
BedSet_10_40.obj,1,1,0.0,0.9999,0.0001,
BedSet_10_41.obj,0,0,0.9542,0.0445,0.0012,
BedSet_10_42.obj,0,0,0.9266,0.0717,0.0017,
BedSet_10_43.obj,0,0,0.4493,0.423,0.1277,
BedSet_10_44.obj,0,0,0.9542,0.0445,0.0012,
BedSet_10_45.obj,0,0,0.9542,0.0445,0.0012,
BedSet_10_46.obj,1,1,0.0648,0.9066,0.0286,
BedSet_10_47.obj,0,1,0.5701,0.4241,0.0058,x
BedSet_11_01.obj,1,1,0.3002,0.641,0.0588,
BedSet_11_02.obj,0,1,0.5422,0.371,0.0868,x
BedSet_11_03.obj,0,1,0.4641,0.4191,0.1169,x
BedSet_11_04.obj,0,0,0.9041,0.0914,0.0045,
BedSet_11_05.obj,0,0,0.9176,0.0785,0.0039,
BedSet_11_06.obj,0,0,0.9041,0.0914,0.0045,
BedSet_11_07.obj,0,0,0.9176,0.0785,0.0039,
BedSet_11_08.obj,0,0,0.9369,0.0617,0.0014,
BedSet_11_09.obj,0,0,0.9369,0.0617,0.0014,
BedSet_11_10.obj,0,0,0.9369,0.0617,0.0014,
BedSet_11_11.obj,0,0,0.943,0.0556,0.0014,
BedSet_11_12.obj,0,0,0.9369,0.0617,0.0014,
BedSet_11_13.obj,0,0,0.9368,0.0618,0.0014,
BedSet_11_14.obj,0,0,0.9369,0.0617,0.0014,
BedSet_11_15.obj,0,0,0.9368,0.0618,0.0014,
BedSet_11_16.obj,0,0,0.9369,0.0617,0.0014,
BedSet_11_17.obj,0,0,0.937,0.0616,0.0014,
BedSet_11_18.obj,0,0,0.9369,0.0617,0.0014,
BedSet_11_19.obj,0,0,0.9371,0.0615,0.0014,
BedSet_11_20.obj,0,0,0.9369,0.0617,0.0014,
BedSet_11_21.obj,0,0,0.9557,0.0432,0.0011,
BedSet_11_22.obj,0,0,0.9557,0.0432,0.0011,
BedSet_11_23.obj,0,0,0.9557,0.0432,0.0011,
BedSet_11_24.obj,0,0,0.9556,0.0433,0.0011,
BedSet_11_25.obj,0,0,0.9557,0.0432,0.0011,
BedSet_11_26.obj,1,1,0.0534,0.9304,0.0163,
BedSet_11_27.obj,0,0,0.8563,0.1416,0.0021,
BedSet_11_28.obj,0,0,0.9424,0.0563,0.0013,
BedSet_11_29.obj,0,0,0.9369,0.0617,0.0014,
BedSet_11_30.obj,0,0,0.9369,0.0617,0.0014,
BedSet_11_31.obj,0,0,0.9369,0.0617,0.0014,
BedSet_11_32.obj,0,0,0.9369,0.0617,0.0014,
BedSet_11_33.obj,0,0,0.9369,0.0617,0.0014,
BedSet_11_34.obj,0,0,0.943,0.0556,0.0014,
BedSet_11_35.obj,0,0,0.9369,0.0617,0.0014,
BedSet_11_36.obj,0,0,0.9368,0.0618,0.0014,
BedSet_11_37.obj,0,0,0.9369,0.0617,0.0014,
BedSet_11_38.obj,0,0,0.9368,0.0618,0.0014,
BedSet_11_39.obj,0,0,0.9369,0.0617,0.0014,
BedSet_11_40.obj,0,0,0.937,0.0616,0.0014,
BedSet_11_41.obj,0,0,0.9369,0.0617,0.0014,
BedSet_11_42.obj,0,0,0.9371,0.0615,0.0014,
BedSet_11_43.obj,0,0,0.9369,0.0617,0.0014,
BedSet_11_44.obj,0,0,0.9556,0.0433,0.0011,
BedSet_11_45.obj,0,0,0.9556,0.0433,0.0011,
BedSet_11_46.obj,0,0,0.9556,0.0433,0.0011,
BedSet_11_47.obj,0,0,0.9555,0.0434,0.0011,
BedSet_11_48.obj,0,0,0.9556,0.0433,0.0011,
BedSet_11_49.obj,0,0,0.8268,0.1714,0.0017,
BedSet_11_50.obj,0,0,0.9438,0.0548,0.0014,
BedSet_11_51.obj,1,1,0.0006,0.9986,0.0008,
BedSet_11_52.obj,0,0,0.9438,0.0548,0.0014,
BedSet_11_53.obj,1,1,0.0192,0.9795,0.0013,
BedSet_12_01.obj,1,0,0.3219,0.6173,0.0608,x
BedSet_12_02.obj,0,0,0.5267,0.3898,0.0835,
BedSet_12_03.obj,0,0,0.4817,0.4286,0.0896,
BedSet_12_04.obj,0,0,0.9022,0.0934,0.0044,
BedSet_12_05.obj,0,0,0.9165,0.0797,0.0038,
BedSet_12_06.obj,0,0,0.9022,0.0934,0.0044,
BedSet_12_07.obj,0,0,0.9165,0.0797,0.0038,
BedSet_12_08.obj,0,0,0.9477,0.051,0.0013,
BedSet_12_09.obj,1,1,0.0276,0.9716,0.0008,
BedSet_12_10.obj,1,1,0.2372,0.7594,0.0034,
BedSet_12_11.obj,1,1,0.078,0.9107,0.0113,
BedSet_13_01.obj,1,0,0.2894,0.6714,0.0392,x
BedSet_13_02.obj,0,0,0.47,0.4645,0.0655,
BedSet_13_03.obj,1,0,0.4504,0.5265,0.0231,x
BedSet_13_04.obj,0,0,0.8928,0.1029,0.0044,
BedSet_13_05.obj,0,1,0.91,0.0863,0.0037,x
BedSet_13_06.obj,0,0,0.9125,0.0842,0.0033,
BedSet_13_07.obj,0,1,0.7311,0.2486,0.0203,x
BedSet_14_01.obj,1,0,0.0264,0.9727,0.001,x
BedSet_14_02.obj,0,0,0.5394,0.4041,0.0565,
BedSet_14_03.obj,0,0,0.5976,0.3753,0.027,
BedSet_14_04.obj,0,0,0.5394,0.4041,0.0565,
BedSet_14_05.obj,0,1,0.7221,0.2706,0.0073,x
BedSet_14_06.obj,0,0,0.9399,0.0578,0.0022,
BedSet_14_07.obj,0,1,0.9403,0.0575,0.0022,x
BedSet_15_01.obj,0,0,0.4732,0.4466,0.0802,
BedSet_15_02.obj,1,0,0.3178,0.5975,0.0847,x
BedSet_15_03.obj,0,0,0.9445,0.0536,0.0019,
BedSet_15_04.obj,0,0,0.9445,0.0536,0.0019,
BedSet_15_05.obj,0,1,0.5087,0.4321,0.0592,x
BedSet_15_06.obj,0,0,0.5446,0.4062,0.0492,
BedSet_15_07.obj,0,1,0.9445,0.0536,0.0019,x
BedSet_16_01.obj,1,0,0.4212,0.5312,0.0476,x
BedSet_16_02.obj,1,0,0.3014,0.4947,0.2039,x
BedSet_16_03.obj,1,0,0.3014,0.4947,0.2039,x
BedSet_16_04.obj,1,1,0.3014,0.4947,0.2039,
BedSet_16_05.obj,1,1,0.0669,0.9312,0.002,
BedSet_16_06.obj,1,1,0.2447,0.7285,0.0267,
BedSet_16_07.obj,1,1,0.0669,0.9312,0.002,
BedSet_16_08.obj,1,0,0.2447,0.7285,0.0267,x
BedSet_16_09.obj,0,0,0.5442,0.3339,0.1219,
BedSet_16_10.obj,0,0,0.5844,0.3089,0.1067,
BedSet_16_11.obj,1,0,0.3352,0.6195,0.0453,x
BedSet_16_12.obj,1,0,0.2861,0.6756,0.0383,x
BedSet_16_13.obj,1,0,0.2373,0.7276,0.0351,x
BedSet_16_14.obj,1,0,0.3988,0.5558,0.0453,x
BedSet_16_15.obj,1,0,0.1321,0.8507,0.0172,x
BedSet_16_16.obj,1,0,0.1321,0.8507,0.0172,x
BedSet_16_17.obj,0,0,0.6124,0.2793,0.1083,
BedSet_16_18.obj,0,0,0.8946,0.1035,0.0019,
BedSet_16_19.obj,0,0,0.893,0.1051,0.0019,
BedSet_16_20.obj,0,0,0.9528,0.0461,0.0012,
BedSet_16_21.obj,0,0,0.8732,0.1249,0.0018,
BedSet_16_22.obj,0,0,0.8451,0.1526,0.0023,
BedSet_16_23.obj,0,0,0.8734,0.1248,0.0018,
BedSet_16_24.obj,0,0,0.9431,0.0556,0.0013,
BedSet_16_25.obj,0,0,0.9434,0.0553,0.0013,
BedSet_16_26.obj,0,0,0.8743,0.124,0.0018,
BedSet_16_27.obj,0,0,0.8734,0.1248,0.0018,
BedSet_16_28.obj,1,1,0.0389,0.9496,0.0115,
BedSet_16_29.obj,0,0,0.9501,0.0487,0.0012,
BedSet_16_30.obj,0,0,0.9501,0.0487,0.0012,
BedSet_16_31.obj,0,0,0.9501,0.0487,0.0012,
BedSet_16_32.obj,0,0,0.8746,0.1235,0.0018,
BedSet_16_33.obj,0,0,0.9501,0.0487,0.0012,
BedSet_16_34.obj,0,0,0.9501,0.0487,0.0012,
BedSet_16_35.obj,0,0,0.9501,0.0487,0.0012,
BedSet_16_36.obj,0,0,0.9501,0.0487,0.0012,
BedSet_16_37.obj,0,0,0.9501,0.0487,0.0012,
BedSet_16_38.obj,0,0,0.9501,0.0487,0.0012,
BedSet_16_39.obj,0,0,0.9501,0.0487,0.0012,
BedSet_16_40.obj,0,0,0.9501,0.0487,0.0012,
BedSet_16_41.obj,0,0,0.9501,0.0487,0.0012,
BedSet_16_42.obj,0,0,0.9501,0.0487,0.0012,
BedSet_16_43.obj,0,1,0.5998,0.3964,0.0038,x
BedSet_16_44.obj,1,2,0.3717,0.4428,0.1854,x
BedSet_16_45.obj,0,0,0.8233,0.175,0.0017,
BedSet_16_46.obj,0,0,0.8735,0.1247,0.0018,
BedSet_16_47.obj,0,0,0.9501,0.0487,0.0012,
BedSet_16_48.obj,1,1,0.2074,0.7869,0.0057,
BedSet_16_49.obj,1,1,0.208,0.7862,0.0058,
BedSet_16_50.obj,1,1,0.2076,0.7867,0.0057,
BedSet_16_51.obj,1,1,0.2087,0.7856,0.0058,
BedSet_17_01.obj,1,0,0.1038,0.8888,0.0074,x
BedSet_17_02.obj,1,0,0.3168,0.5525,0.1308,x
BedSet_17_03.obj,0,0,0.7974,0.195,0.0077,
BedSet_17_04.obj,0,0,0.7914,0.2016,0.007,
BedSet_17_05.obj,0,0,0.778,0.215,0.007,
BedSet_17_06.obj,0,0,0.9083,0.0873,0.0044,
BedSet_17_07.obj,0,0,0.9083,0.0873,0.0044,
BedSet_17_08.obj,0,1,0.5148,0.4345,0.0507,x
BedSet_17_09.obj,0,0,0.486,0.4224,0.0916,
BedSet_17_10.obj,0,0,0.8473,0.1465,0.0062,
BedSet_17_11.obj,0,0,0.847,0.1468,0.0062,
BedSet_17_12.obj,0,1,0.5148,0.4345,0.0507,x
BedSet_17_13.obj,0,0,0.9679,0.0301,0.002,
BedSet_17_14.obj,0,0,0.9679,0.0301,0.002,
BedSet_17_15.obj,0,0,0.5369,0.4142,0.0489,
BedSet_17_16.obj,0,1,0.5369,0.4142,0.0489,x
BedSet_17_17.obj,0,0,0.4943,0.4252,0.0805,
BedSet_17_18.obj,0,0,0.8882,0.1065,0.0054,
BedSet_17_19.obj,0,0,0.8882,0.1065,0.0054,
BedSet_17_20.obj,0,1,0.8882,0.1065,0.0054,x
BedSet_17_21.obj,0,0,0.8882,0.1065,0.0054,
BedSet_17_22.obj,0,0,0.8882,0.1065,0.0054,
BedSet_17_23.obj,0,0,0.8882,0.1065,0.0054,
BedSet_17_24.obj,0,0,0.8882,0.1065,0.0054,
BedSet_17_25.obj,0,0,0.8882,0.1065,0.0054,
BedSet_17_26.obj,0,0,0.5374,0.4142,0.0484,
BedSet_17_27.obj,0,0,0.8448,0.1535,0.0017,
BedSet_17_28.obj,1,1,0.2086,0.7856,0.0058,
BedSet_17_29.obj,1,1,0.0467,0.9176,0.0357,
BedSet_17_30.obj,0,0,0.9516,0.0472,0.0012,
BedSet_17_31.obj,0,0,0.9516,0.0472,0.0012,
BedSet_17_32.obj,0,0,0.9516,0.0472,0.0012,
BedSet_17_33.obj,1,2,0.3717,0.4428,0.1854,x
BedSet_17_34.obj,0,0,0.8735,0.1247,0.0018,
BedSet_17_35.obj,0,0,0.9516,0.0472,0.0012,
BedSet_17_36.obj,0,0,0.8233,0.175,0.0017,
BedSet_17_37.obj,0,0,0.9516,0.0472,0.0012,
BedSet_17_38.obj,0,1,0.6762,0.3202,0.0036,x
BedSet_17_39.obj,0,0,0.8746,0.1235,0.0018,
BedSet_17_40.obj,0,0,0.9516,0.0472,0.0012,
BedSet_17_41.obj,0,0,0.9516,0.0472,0.0012,
BedSet_17_42.obj,0,0,0.9516,0.0472,0.0012,
BedSet_17_43.obj,0,0,0.9516,0.0472,0.0012,
BedSet_17_44.obj,0,0,0.9516,0.0472,0.0012,
BedSet_17_45.obj,0,0,0.9516,0.0472,0.0012,
BedSet_17_46.obj,0,0,0.9516,0.0472,0.0012,
BedSet_17_47.obj,0,0,0.9516,0.0472,0.0012,
BedSet_17_48.obj,0,0,0.9516,0.0472,0.0012,
BedSet_17_49.obj,1,1,0.2075,0.7867,0.0057,
BedSet_17_50.obj,1,1,0.208,0.7862,0.0058,
BedSet_17_51.obj,1,1,0.2074,0.7869,0.0057,
BedSet_18_01.obj,0,1,0.8875,0.1083,0.0042,x
BedSet_18_02.obj,1,0,0.2911,0.675,0.0338,x
BedSet_18_03.obj,0,0,0.6085,0.361,0.0305,
BedSet_18_04.obj,0,0,0.7021,0.2879,0.01,
BedSet_18_05.obj,0,0,0.932,0.0655,0.0025,
BedSet_18_06.obj,0,0,0.9321,0.0653,0.0025,
BedSet_18_07.obj,0,0,0.9321,0.0654,0.0025,
BedSet_18_08.obj,0,0,0.6824,0.2912,0.0264,
BedSet_18_09.obj,0,1,0.5618,0.4053,0.0329,x
BedSet_19_01.obj,0,1,0.5136,0.433,0.0534,x
BedSet_19_02.obj,0,0,0.5136,0.433,0.0534,
BedSet_19_03.obj,0,0,0.5136,0.433,0.0534,
BedSet_19_04.obj,0,0,0.5136,0.433,0.0534,
BedSet_19_05.obj,0,0,0.5136,0.433,0.0534,
BedSet_19_06.obj,0,0,0.5136,0.433,0.0534,
BedSet_19_07.obj,0,0,0.5136,0.433,0.0534,
BedSet_19_08.obj,0,0,0.5136,0.433,0.0534,
BedSet_19_09.obj,0,0,0.5136,0.433,0.0534,
BedSet_19_10.obj,0,0,0.5136,0.433,0.0534,
BedSet_19_11.obj,0,0,0.5136,0.433,0.0534,
BedSet_19_12.obj,0,0,0.5136,0.433,0.0534,
BedSet_19_13.obj,0,0,0.5136,0.433,0.0534,
BedSet_19_14.obj,0,0,0.5136,0.433,0.0534,
BedSet_19_15.obj,0,0,0.5136,0.433,0.0534,
BedSet_19_16.obj,0,0,0.9043,0.0911,0.0046,
BedSet_19_17.obj,0,0,0.759,0.2324,0.0086,
BedSet_19_18.obj,0,0,0.8772,0.1186,0.0043,
BedSet_19_19.obj,0,0,0.8805,0.1153,0.0043,
BedSet_19_20.obj,0,0,0.8805,0.1153,0.0043,
BedSet_19_21.obj,0,0,0.9348,0.063,0.0022,
BedSet_19_22.obj,0,0,0.9348,0.063,0.0022,
BedSet_19_23.obj,0,1,0.9348,0.063,0.0022,x
BedSet_19_24.obj,0,0,0.9348,0.063,0.0022,
BedSet_19_25.obj,0,0,0.9348,0.063,0.0022,
BedSet_19_26.obj,0,0,0.9348,0.063,0.0022,
BedSet_19_27.obj,0,0,0.5278,0.4192,0.0529,
BedSet_19_28.obj,0,0,0.7738,0.2185,0.0077,
BedSet_19_29.obj,0,0,0.7623,0.2292,0.0085,
BedSet_19_30.obj,0,0,0.537,0.4056,0.0574,
BedSet_20_01.obj,1,0,0.2512,0.7143,0.0345,x
BedSet_20_02.obj,0,1,0.7421,0.1854,0.0726,x
BedSet_20_03.obj,0,2,0.5408,0.3449,0.1143,x
BedSet_20_04.obj,2,2,0.0005,0.0001,0.9994,
BedSet_20_05.obj,2,2,0.0005,0.0001,0.9994,
BedSet_20_06.obj,2,2,0.0005,0.0001,0.9994,
BedSet_20_07.obj,1,1,0.0581,0.9325,0.0094,
BedSet_20_08.obj,1,1,0.0762,0.8491,0.0747,
Cabinet_01_01.obj,1,1,0.0569,0.9388,0.0043,
Cabinet_01_02.obj,1,1,0.0569,0.9388,0.0043,
Cabinet_01_03.obj,1,1,0.0569,0.9388,0.0043,
Cabinet_01_04.obj,1,1,0.0569,0.9388,0.0043,
Cabinet_01_05.obj,0,0,0.9348,0.0622,0.0031,
Cabinet_01_06.obj,0,0,0.9975,0.0023,0.0002,
Cabinet_01_07.obj,0,0,0.9975,0.0023,0.0002,
Cabinet_01_08.obj,1,1,0.0569,0.9388,0.0043,
Cabinet_01_09.obj,1,1,0.0569,0.9388,0.0043,
Cabinet_01_10.obj,0,0,0.9348,0.0622,0.0031,
Cabinet_01_11.obj,1,1,0.0569,0.9388,0.0043,
Cabinet_01_12.obj,0,0,0.9152,0.0835,0.0012,
Cabinet_01_13.obj,0,0,0.993,0.0067,0.0003,
Cabinet_01_14.obj,0,0,0.9808,0.0182,0.001,
Cabinet_01_15.obj,0,0,0.9808,0.0182,0.001,
Cabinet_01_16.obj,0,0,0.993,0.0067,0.0003,
Cabinet_01_17.obj,0,0,0.9808,0.0182,0.001,
Cabinet_01_18.obj,0,0,0.9808,0.0182,0.001,
Cabinet_02_01.obj,1,1,0.0593,0.9378,0.0029,
Cabinet_02_02.obj,1,1,0.0629,0.9337,0.0035,
Cabinet_02_03.obj,0,0,0.9988,0.0011,0.0001,
Cabinet_02_04.obj,0,0,0.9988,0.0011,0.0001,
Cabinet_02_05.obj,1,1,0.0761,0.9187,0.0052,
Cabinet_02_06.obj,1,1,0.0761,0.9187,0.0052,
Cabinet_02_07.obj,1,1,0.0515,0.9464,0.0021,
Cabinet_02_08.obj,1,1,0.0546,0.9428,0.0025,
Cabinet_02_09.obj,0,0,0.9988,0.0011,0.0001,
Cabinet_02_10.obj,0,0,0.9988,0.0011,0.0001,
Cabinet_02_11.obj,1,1,0.3312,0.6481,0.0206,
Cabinet_02_12.obj,1,1,0.3312,0.6481,0.0206,
Cabinet_02_13.obj,1,1,0.3312,0.6481,0.0206,
Cabinet_02_14.obj,1,1,0.2854,0.7009,0.0137,
Cabinet_02_15.obj,1,0,0.2854,0.7009,0.0137,x
Cabinet_02_16.obj,1,0,0.2854,0.7009,0.0137,x
Cabinet_02_17.obj,1,0,0.2854,0.7009,0.0137,x
Cabinet_03_01.obj,0,0,0.8276,0.1631,0.0093,
Cabinet_03_02.obj,0,0,0.9857,0.0129,0.0014,
Cabinet_03_03.obj,0,0,0.9857,0.0129,0.0014,
Cabinet_03_04.obj,0,0,0.8023,0.1867,0.0109,
Cabinet_03_05.obj,0,0,0.8132,0.1769,0.0099,
Cabinet_03_06.obj,0,0,0.8132,0.1769,0.0099,
Cabinet_03_07.obj,0,0,0.8132,0.1769,0.0099,
Cabinet_03_08.obj,0,0,0.8132,0.1769,0.0099,
Cabinet_03_09.obj,0,0,0.9841,0.0144,0.0015,
Cabinet_03_10.obj,0,0,0.9841,0.0144,0.0015,
Cabinet_03_11.obj,0,0,0.9841,0.0144,0.0015,
Cabinet_03_12.obj,0,0,0.9841,0.0144,0.0015,
Cabinet_03_13.obj,0,0,0.8276,0.1631,0.0093,
Cabinet_03_14.obj,0,0,0.9857,0.0129,0.0014,
Cabinet_03_15.obj,0,0,0.9857,0.0129,0.0014,
Cabinet_03_16.obj,0,0,0.8023,0.1867,0.0109,
Cabinet_03_17.obj,0,0,0.8132,0.1769,0.0099,
Cabinet_03_18.obj,0,0,0.8132,0.1769,0.0099,
Cabinet_03_19.obj,0,0,0.8132,0.1769,0.0099,
Cabinet_03_20.obj,0,0,0.8132,0.1769,0.0099,
Cabinet_03_21.obj,0,0,0.9841,0.0144,0.0015,
Cabinet_03_22.obj,0,0,0.9841,0.0144,0.0015,
Cabinet_03_23.obj,0,0,0.9841,0.0144,0.0015,
Cabinet_03_24.obj,0,0,0.9841,0.0144,0.0015,
Cabinet_04_01.obj,0,0,0.9182,0.0806,0.0012,
Cabinet_04_02.obj,1,1,0.1677,0.8237,0.0086,
Cabinet_04_03.obj,0,0,0.9343,0.0626,0.0031,
Cabinet_04_04.obj,1,1,0.1677,0.8237,0.0086,
Cabinet_04_05.obj,1,1,0.1677,0.8237,0.0086,
Cabinet_04_06.obj,0,0,0.9982,0.0016,0.0002,
Cabinet_04_07.obj,0,0,0.9982,0.0016,0.0002,
Cabinet_04_08.obj,0,0,0.9343,0.0626,0.0031,
Cabinet_04_09.obj,1,1,0.1677,0.8237,0.0086,
Cabinet_04_10.obj,1,1,0.1677,0.8237,0.0086,
Cabinet_04_11.obj,1,1,0.1677,0.8237,0.0086,
Cabinet_04_12.obj,1,1,0.1677,0.8237,0.0086,
Cabinet_05_01.obj,0,0,0.6956,0.2905,0.0139,
Cabinet_05_02.obj,0,0,0.6772,0.3194,0.0035,
Cabinet_05_03.obj,0,0,0.6708,0.3259,0.0033,
Cabinet_05_04.obj,0,0,0.9874,0.0114,0.0012,
Cabinet_05_05.obj,0,0,0.9875,0.0113,0.0012,
Cabinet_05_06.obj,1,1,0.0794,0.9192,0.0015,
Cabinet_05_07.obj,0,0,0.698,0.2884,0.0136,
Cabinet_06_01.obj,0,0,0.8292,0.1671,0.0037,
Cabinet_06_02.obj,0,0,0.8241,0.1722,0.0037,
Cabinet_06_03.obj,2,2,0.2552,0.3697,0.3751,
Cabinet_06_04.obj,0,0,0.9958,0.004,0.0002,
Cabinet_06_05.obj,1,1,0.0834,0.86,0.0565,
Cabinet_06_06.obj,0,0,0.9985,0.0014,0.0001,
Cabinet_06_07.obj,0,0,0.9985,0.0014,0.0001,
Cabinet_06_08.obj,0,0,0.7314,0.2636,0.005,
Cabinet_06_09.obj,0,0,0.9989,0.001,0.0001,
Cabinet_06_10.obj,0,0,0.9989,0.001,0.0001,
Cabinet_06_11.obj,1,1,0.0537,0.9446,0.0017,
Cabinet_06_12.obj,1,1,0.0492,0.9493,0.0014,
Cabinet_06_13.obj,1,1,0.0483,0.9503,0.0014,
Cabinet_06_14.obj,1,1,0.0497,0.9489,0.0015,
Cabinet_06_15.obj,0,0,0.8182,0.1781,0.0037,
Cabinet_06_16.obj,0,0,0.8182,0.1781,0.0037,
Cabinet_06_17.obj,0,0,0.8182,0.1781,0.0037,
Cabinet_07_01.obj,1,1,0.0282,0.971,0.0007,
Cabinet_07_02.obj,1,1,0.0293,0.97,0.0008,
Cabinet_07_03.obj,1,1,0.0293,0.97,0.0008,
Cabinet_07_04.obj,1,1,0.0293,0.97,0.0008,
Cabinet_07_05.obj,1,1,0.0293,0.97,0.0008,
Cabinet_07_06.obj,1,1,0.0282,0.971,0.0007,
Cabinet_07_07.obj,1,1,0.0293,0.97,0.0008,
Cabinet_07_08.obj,1,1,0.0293,0.97,0.0008,
Cabinet_07_09.obj,1,1,0.0293,0.97,0.0008,
Cabinet_07_10.obj,1,1,0.0293,0.97,0.0008,
Cabinet_07_11.obj,1,1,0.0477,0.9481,0.0041,
Cabinet_07_12.obj,1,1,0.0456,0.9505,0.0038,
Cabinet_07_13.obj,0,0,0.9936,0.0058,0.0006,
Cabinet_07_14.obj,0,0,0.9936,0.0058,0.0006,
Cabinet_07_15.obj,1,1,0.0394,0.9578,0.0029,
Cabinet_07_16.obj,1,1,0.0394,0.9578,0.0029,
Cabinet_07_17.obj,1,1,0.0394,0.9578,0.0029,
Cabinet_07_18.obj,1,1,0.0394,0.9578,0.0029,
Cabinet_07_19.obj,1,1,0.0394,0.9578,0.0029,
Cabinet_07_20.obj,0,0,0.9916,0.0076,0.0008,
Cabinet_07_21.obj,0,0,0.8761,0.1223,0.0016,
Cabinet_08_01.obj,0,0,0.998,0.0019,0.0002,
Cabinet_08_02.obj,0,0,0.998,0.0019,0.0002,
Cabinet_08_03.obj,1,1,0.1204,0.8721,0.0075,
Cabinet_08_04.obj,1,1,0.1322,0.8599,0.0079,
Cabinet_08_05.obj,1,1,0.1475,0.8429,0.0096,
Cabinet_08_06.obj,0,0,0.8688,0.1297,0.0015,
Cabinet_09_01.obj,0,0,0.9917,0.0075,0.0008,
Cabinet_09_02.obj,0,0,0.9917,0.0075,0.0008,
Cabinet_09_03.obj,1,1,0.0899,0.9024,0.0077,
Cabinet_09_04.obj,1,1,0.3497,0.6476,0.0027,
Cabinet_09_05.obj,1,1,0.0297,0.9688,0.0015,
Cabinet_09_06.obj,1,1,0.0297,0.9688,0.0015,
Cabinet_09_07.obj,1,1,0.0297,0.9688,0.0015,
Cabinet_09_08.obj,1,1,0.0297,0.9688,0.0015,
Cabinet_09_09.obj,1,1,0.0297,0.9688,0.0015,
Cabinet_09_10.obj,1,1,0.0297,0.9688,0.0015,
Cabinet_09_11.obj,1,1,0.0297,0.9688,0.0015,
Cabinet_09_12.obj,0,0,0.9913,0.0079,0.0008,
Cabinet_09_13.obj,1,1,0.0337,0.9651,0.0012,
Cabinet_09_14.obj,1,1,0.0361,0.9629,0.001,
Cabinet_09_15.obj,1,1,0.0361,0.9629,0.001,
Cabinet_09_16.obj,1,1,0.0353,0.9632,0.0014,
Cabinet_09_17.obj,1,1,0.0353,0.9632,0.0014,
Cabinet_09_18.obj,1,1,0.0337,0.9651,0.0012,
Cabinet_09_19.obj,1,1,0.3137,0.6816,0.0048,
Cabinet_10_01.obj,0,0,0.9949,0.0046,0.0004,
Cabinet_10_02.obj,0,0,0.9949,0.0046,0.0004,
Cabinet_10_03.obj,1,1,0.0323,0.966,0.0017,
Cabinet_10_04.obj,1,1,0.0313,0.9671,0.0016,
Cabinet_10_05.obj,1,1,0.0313,0.9671,0.0016,
Cabinet_10_06.obj,0,0,0.9815,0.018,0.0005,
Cabinet_10_07.obj,0,0,0.9815,0.018,0.0005,
Cabinet_11_01.obj,1,1,0.0871,0.8348,0.0782,
Cabinet_11_02.obj,1,1,0.0892,0.7645,0.1463,
Cabinet_11_03.obj,1,1,0.0872,0.8346,0.0781,
Cabinet_11_04.obj,1,1,0.0917,0.7756,0.1326,
Cabinet_11_05.obj,1,1,0.091,0.7755,0.1336,
Cabinet_11_06.obj,1,1,0.0911,0.7728,0.1361,
Cabinet_11_07.obj,1,1,0.0917,0.7742,0.134,
Cabinet_11_08.obj,0,0,0.996,0.0039,0.0002,
Cabinet_12_01.obj,1,1,0.0413,0.9559,0.0028,
Cabinet_12_02.obj,0,0,0.9967,0.003,0.0003,
Cabinet_12_03.obj,0,0,0.9967,0.003,0.0003,
Cabinet_12_04.obj,1,1,0.0413,0.9559,0.0028,
Cabinet_12_05.obj,1,1,0.076,0.9174,0.0066,
Cabinet_12_06.obj,1,1,0.076,0.9174,0.0066,
Cabinet_12_07.obj,1,1,0.076,0.9174,0.0066,
Cabinet_13_01.obj,0,0,0.9983,0.0016,0.0002,
Cabinet_13_02.obj,1,1,0.0607,0.935,0.0043,
Cabinet_13_03.obj,1,1,0.0607,0.935,0.0043,
Cabinet_13_04.obj,1,1,0.0607,0.935,0.0043,
Cabinet_13_05.obj,0,0,0.9602,0.039,0.0008,
Cabinet_13_06.obj,1,1,0.0607,0.935,0.0043,
Cabinet_13_07.obj,1,1,0.0607,0.935,0.0043,
Cabinet_13_08.obj,0,0,0.9983,0.0016,0.0002,
Cabinet_13_09.obj,1,1,0.0607,0.935,0.0043,
Cabinet_14_01.obj,0,0,0.9981,0.0018,0.0002,
Cabinet_14_02.obj,0,0,0.9981,0.0018,0.0002,
Cabinet_14_03.obj,1,1,0.0503,0.9461,0.0036,
Cabinet_14_04.obj,1,1,0.0503,0.9461,0.0036,
Cabinet_14_05.obj,1,1,0.0503,0.9461,0.0036,
Cabinet_14_06.obj,1,1,0.0503,0.9461,0.0036,
Cabinet_14_07.obj,1,1,0.0503,0.9461,0.0036,
Cabinet_14_08.obj,1,1,0.0502,0.9463,0.0036,
Cabinet_14_09.obj,0,0,0.9628,0.0365,0.0008,
Cabinet_15_01.obj,0,0,0.9592,0.0393,0.0015,
Cabinet_15_02.obj,0,0,0.9592,0.0393,0.0015,
Cabinet_15_03.obj,0,0,0.9583,0.0402,0.0015,
Cabinet_15_04.obj,2,2,0.0678,0.1966,0.7356,
Cabinet_15_05.obj,2,2,0.0678,0.1966,0.7356,
Cabinet_15_06.obj,2,2,0.0705,0.2018,0.7277,
Cabinet_15_07.obj,0,0,0.9742,0.0216,0.0041,
Cabinet_15_08.obj,0,0,0.9569,0.0375,0.0056,
Cabinet_15_09.obj,0,0,0.9742,0.0216,0.0041,
Cabinet_15_10.obj,0,0,0.9742,0.0216,0.0041,
Cabinet_15_11.obj,0,0,0.9569,0.0375,0.0056,
Cabinet_15_12.obj,0,0,0.9742,0.0216,0.0041,
Cabinet_15_13.obj,0,0,0.8257,0.1719,0.0024,
Cabinet_15_14.obj,0,0,0.9345,0.0466,0.0189,
Cabinet_15_15.obj,0,0,0.9723,0.0232,0.0045,
Cabinet_15_16.obj,1,0,0.273,0.6974,0.0295,x
Cabinet_15_17.obj,0,0,0.997,0.0027,0.0003,
Cabinet_15_18.obj,0,0,0.997,0.0027,0.0003,
Cabinet_15_19.obj,0,0,0.997,0.0027,0.0003,
Cabinet_15_20.obj,0,0,0.997,0.0027,0.0003,
Cabinet_15_21.obj,0,0,0.8685,0.1214,0.0101,
Cabinet_15_22.obj,0,0,0.9865,0.0123,0.0012,
Cabinet_15_23.obj,1,1,0.1899,0.7965,0.0135,
Cabinet_15_24.obj,0,0,0.9866,0.0122,0.0013,
Cabinet_15_25.obj,0,0,0.8687,0.1212,0.0101,
Cabinet_15_26.obj,1,1,0.1175,0.8804,0.0021,
Cabinet_15_27.obj,1,1,0.1175,0.8804,0.0021,
Cabinet_16_01.obj,0,0,0.9252,0.0682,0.0066,
Cabinet_16_02.obj,0,0,0.9252,0.0682,0.0066,
Cabinet_16_03.obj,1,1,0.0904,0.9003,0.0093,
Cabinet_16_04.obj,1,1,0.0828,0.9099,0.0073,
Cabinet_16_05.obj,1,1,0.0904,0.9003,0.0093,
Cabinet_16_06.obj,0,0,0.8735,0.1174,0.009,
Cabinet_16_07.obj,0,0,0.9252,0.0682,0.0066,
Cabinet_16_08.obj,0,0,0.9252,0.0682,0.0066,
Cabinet_16_09.obj,1,1,0.0904,0.9003,0.0093,
Cabinet_16_10.obj,1,1,0.0828,0.9099,0.0073,
Cabinet_16_11.obj,1,1,0.0904,0.9003,0.0093,
Cabinet_16_12.obj,0,0,0.8735,0.1174,0.009,
Cabinet_17_01.obj,0,0,0.9571,0.04,0.0029,
Cabinet_17_02.obj,0,0,0.985,0.012,0.003,
Cabinet_17_03.obj,0,0,0.6752,0.3112,0.0136,
Cabinet_17_04.obj,0,0,0.6752,0.3112,0.0136,
Cabinet_17_05.obj,0,0,0.6752,0.3112,0.0136,
Cabinet_17_06.obj,0,0,0.9571,0.04,0.0029,
Cabinet_17_07.obj,0,0,0.9571,0.04,0.0029,
Cabinet_17_08.obj,0,0,0.7089,0.272,0.019,
Cabinet_17_09.obj,0,0,0.7089,0.272,0.019,
Cabinet_17_10.obj,0,0,0.9749,0.0228,0.0023,
Cabinet_17_11.obj,0,0,0.9571,0.04,0.0029,
Cabinet_17_12.obj,0,0,0.985,0.012,0.003,
Cabinet_17_13.obj,0,0,0.6752,0.3112,0.0136,
Cabinet_17_14.obj,0,0,0.6752,0.3112,0.0136,
Cabinet_17_15.obj,0,0,0.6752,0.3112,0.0136,
Cabinet_17_16.obj,0,0,0.9571,0.04,0.0029,
Cabinet_17_17.obj,0,0,0.9571,0.04,0.0029,
Cabinet_17_18.obj,0,0,0.7089,0.272,0.019,
Cabinet_17_19.obj,0,0,0.7089,0.272,0.019,
Cabinet_17_20.obj,0,0,0.9749,0.0228,0.0023,
Cabinet_18_01.obj,1,1,0.0225,0.977,0.0005,
Cabinet_18_02.obj,1,1,0.0225,0.977,0.0005,
Cabinet_18_03.obj,0,0,0.9123,0.0859,0.0017,
Cabinet_18_04.obj,0,0,0.982,0.0172,0.0008,
Cabinet_18_05.obj,0,0,0.982,0.0172,0.0008,
Cabinet_18_06.obj,1,1,0.1784,0.8161,0.0056,
Cabinet_18_07.obj,1,1,0.1929,0.8013,0.0058,
Cabinet_18_08.obj,1,1,0.1929,0.8013,0.0058,
Cabinet_18_09.obj,1,1,0.2331,0.7508,0.0161,
Cabinet_18_10.obj,0,0,0.9848,0.0138,0.0014,
Cabinet_18_11.obj,0,0,0.9853,0.0134,0.0013,
Cabinet_18_12.obj,0,0,0.9853,0.0134,0.0013,
Cabinet_18_13.obj,1,1,0.2089,0.7779,0.0132,
Cabinet_18_14.obj,1,1,0.0293,0.9692,0.0015,
Cabinet_18_15.obj,1,1,0.0293,0.9692,0.0015,
Cabinet_18_16.obj,1,1,0.0293,0.9692,0.0015,
Cabinet_18_17.obj,1,1,0.0293,0.9692,0.0015,
Cabinet_18_18.obj,1,1,0.1099,0.8882,0.0019,
Cabinet_18_19.obj,1,1,0.0225,0.977,0.0005,
Cabinet_18_20.obj,1,1,0.0225,0.977,0.0005,
Cabinet_18_21.obj,0,0,0.9123,0.0859,0.0017,
Cabinet_18_22.obj,0,0,0.982,0.0172,0.0008,
Cabinet_18_23.obj,0,0,0.982,0.0172,0.0008,
Cabinet_18_24.obj,1,1,0.1784,0.8161,0.0056,
Cabinet_18_25.obj,1,1,0.1929,0.8013,0.0058,
Cabinet_18_26.obj,1,1,0.1929,0.8013,0.0058,
Cabinet_18_27.obj,1,1,0.2331,0.7508,0.0161,
Cabinet_18_28.obj,0,0,0.9848,0.0138,0.0014,
Cabinet_18_29.obj,0,0,0.9853,0.0134,0.0013,
Cabinet_18_30.obj,0,0,0.9853,0.0134,0.0013,
Cabinet_18_31.obj,1,1,0.2089,0.7779,0.0132,
Cabinet_18_32.obj,1,1,0.0293,0.9692,0.0015,
Cabinet_18_33.obj,1,1,0.0293,0.9692,0.0015,
Cabinet_18_34.obj,1,1,0.0293,0.9692,0.0015,
Cabinet_18_35.obj,1,1,0.0293,0.9692,0.0015,
Cabinet_18_36.obj,1,1,0.1099,0.8882,0.0019,
Cabinet_19_01.obj,1,1,0.0359,0.9617,0.0024,
Cabinet_19_02.obj,1,1,0.0359,0.9617,0.0024,
Cabinet_19_03.obj,1,1,0.0359,0.9617,0.0024,
Cabinet_19_04.obj,0,0,0.8487,0.1457,0.0056,
Cabinet_19_05.obj,1,1,0.0359,0.9617,0.0024,
Cabinet_19_06.obj,0,0,0.9463,0.0527,0.001,
Cabinet_19_07.obj,0,0,0.9955,0.004,0.0004,
Cabinet_19_08.obj,0,0,0.9955,0.004,0.0004,
Cabinet_19_09.obj,0,0,0.8487,0.1457,0.0056,
Cabinet_20_01.obj,1,1,0.0413,0.9556,0.0031,
Cabinet_20_02.obj,1,1,0.0395,0.9577,0.0028,
Cabinet_20_03.obj,1,1,0.0472,0.949,0.0038,
Cabinet_20_04.obj,1,1,0.0472,0.949,0.0038,
Cabinet_20_05.obj,1,1,0.0413,0.9556,0.0031,
Cabinet_20_06.obj,1,1,0.0612,0.8898,0.049,
Cabinet_20_07.obj,1,1,0.0612,0.8899,0.049,
Cabinet_20_08.obj,1,1,0.0612,0.8898,0.049,
Cabinet_20_09.obj,1,1,0.0612,0.8899,0.049,
Cabinet_20_10.obj,0,0,0.768,0.23,0.002,
Cabinet_20_11.obj,0,0,0.9883,0.0106,0.0011,
Cabinet_20_12.obj,0,0,0.9881,0.0108,0.001,
Sofa_01_01.obj,0,1,0.4528,0.3973,0.1499,x
Sofa_01_02.obj,0,1,0.4528,0.3973,0.1499,x
Sofa_01_03.obj,1,1,0.199,0.6544,0.1465,
Sofa_01_04.obj,1,1,0.2062,0.5393,0.2545,
Sofa_01_05.obj,1,1,0.1852,0.6325,0.1823,
Sofa_01_06.obj,2,1,0.1379,0.3341,0.528,x
Sofa_01_07.obj,2,1,0.1527,0.4158,0.4315,x
Sofa_01_08.obj,1,1,0.3649,0.5897,0.0454,
Sofa_01_09.obj,1,1,0.107,0.8844,0.0086,
Sofa_01_10.obj,1,1,0.107,0.8844,0.0086,
Sofa_01_11.obj,0,1,0.4385,0.4151,0.1464,x
Sofa_01_12.obj,1,1,0.032,0.9672,0.0008,
Sofa_01_13.obj,1,1,0.032,0.9672,0.0008,
Sofa_01_14.obj,1,1,0.032,0.9672,0.0008,
Sofa_02_01.obj,1,1,0.2588,0.7049,0.0363,
Sofa_02_02.obj,1,1,0.197,0.7754,0.0277,
Sofa_02_03.obj,1,1,0.2588,0.7344,0.0068,
Sofa_02_04.obj,0,1,0.4365,0.4065,0.1571,x
Sofa_02_05.obj,0,1,0.4336,0.4179,0.1485,x
Sofa_02_06.obj,0,1,0.4372,0.4041,0.1587,x
Sofa_02_07.obj,0,1,0.4344,0.4136,0.1519,x
Sofa_02_08.obj,1,1,0.4102,0.5346,0.0552,
Sofa_02_09.obj,1,1,0.4102,0.5345,0.0553,
Sofa_02_10.obj,1,1,0.0952,0.874,0.0308,
Sofa_03_01.obj,1,1,0.2497,0.5577,0.1926,
Sofa_03_02.obj,1,1,0.2497,0.5577,0.1926,
Sofa_03_03.obj,1,1,0.2497,0.5577,0.1926,
Sofa_03_04.obj,1,0,0.2497,0.5577,0.1926,x
Sofa_03_05.obj,1,1,0.2497,0.5577,0.1926,
Sofa_03_06.obj,1,1,0.2497,0.5577,0.1926,
Sofa_03_07.obj,1,1,0.2449,0.5814,0.1737,
Sofa_03_08.obj,1,1,0.2266,0.7238,0.0497,
Sofa_04_01.obj,0,1,0.9124,0.082,0.0056,x
Sofa_04_02.obj,0,1,0.913,0.0813,0.0056,x
Sofa_04_03.obj,0,1,0.913,0.0813,0.0056,x
Sofa_04_04.obj,0,0,0.9124,0.082,0.0056,
Sofa_04_05.obj,1,0,0.1817,0.7968,0.0214,x
Sofa_04_06.obj,1,0,0.1888,0.7964,0.0148,x
Sofa_04_07.obj,1,0,0.2252,0.709,0.0659,x
Sofa_04_08.obj,1,1,0.0318,0.9665,0.0017,
Sofa_04_09.obj,1,1,0.0318,0.9665,0.0017,
Sofa_04_10.obj,1,1,0.0447,0.9514,0.0039,
Sofa_04_11.obj,1,1,0.0446,0.9514,0.0039,
Sofa_04_12.obj,1,1,0.0041,0.983,0.0129,
Sofa_04_13.obj,1,1,0.0041,0.983,0.0129,
Sofa_05_01.obj,1,1,0.0407,0.9488,0.0104,
Sofa_05_02.obj,1,0,0.1687,0.6751,0.1562,x
Sofa_05_03.obj,1,0,0.4353,0.5127,0.0519,x
Sofa_05_04.obj,1,0,0.1946,0.6877,0.1177,x
Sofa_05_05.obj,0,0,0.9001,0.0928,0.007,
Sofa_05_06.obj,1,1,0.1683,0.7272,0.1045,
Sofa_05_07.obj,1,1,0.1866,0.7746,0.0388,
Sofa_05_08.obj,1,1,0.169,0.7945,0.0365,
Sofa_05_09.obj,1,1,0.2911,0.6179,0.091,
Sofa_05_10.obj,1,1,0.2209,0.7645,0.0146,
Sofa_05_11.obj,1,1,0.0614,0.8421,0.0964,
Sofa_06_01.obj,1,0,0.3589,0.5679,0.0732,x
Sofa_06_02.obj,1,0,0.359,0.5678,0.0732,x
Sofa_06_03.obj,1,0,0.247,0.5802,0.1728,x
Sofa_06_04.obj,1,0,0.4248,0.454,0.1212,x
Sofa_06_05.obj,1,0,0.4248,0.454,0.1212,x
Sofa_06_06.obj,1,1,0.2265,0.752,0.0215,
Sofa_06_07.obj,1,1,0.2442,0.5834,0.1724,
Sofa_06_08.obj,1,1,0.1447,0.7455,0.1098,
Sofa_06_09.obj,1,1,0.1602,0.6306,0.2092,
Sofa_06_10.obj,1,1,0.1629,0.7869,0.0502,
Sofa_06_11.obj,1,1,0.1446,0.6686,0.1868,
Sofa_06_12.obj,1,1,0.1446,0.6686,0.1868,
Sofa_06_13.obj,1,1,0.1446,0.6686,0.1868,
Sofa_06_14.obj,1,0,0.1446,0.6686,0.1868,x
Sofa_07_01.obj,1,0,0.1596,0.624,0.2163,x
Sofa_07_02.obj,1,0,0.416,0.4941,0.0898,x
Sofa_07_03.obj,1,1,0.1596,0.624,0.2163,
Sofa_07_04.obj,1,0,0.4158,0.4947,0.0895,x
Sofa_07_05.obj,1,1,0.1596,0.624,0.2163,
Sofa_07_06.obj,1,1,0.1596,0.624,0.2163,
Sofa_07_07.obj,1,2,0.1437,0.813,0.0433,x
Sofa_07_08.obj,1,2,0.4632,0.5026,0.0342,x
Sofa_07_09.obj,1,1,0.3414,0.6121,0.0465,
Sofa_07_10.obj,1,1,0.3596,0.577,0.0634,
Sofa_07_11.obj,1,1,0.0348,0.9637,0.0015,
Sofa_07_12.obj,0,0,0.4539,0.4121,0.1339,
Sofa_07_13.obj,1,1,0.0192,0.9804,0.0004,
Sofa_07_14.obj,1,1,0.0192,0.9804,0.0004,
Sofa_07_15.obj,1,1,0.0192,0.9804,0.0004,
Sofa_08_01.obj,1,1,0.0994,0.8799,0.0207,
Sofa_08_02.obj,1,1,0.0994,0.8799,0.0207,
Sofa_08_03.obj,1,1,0.0994,0.8799,0.0207,
Sofa_08_04.obj,1,1,0.0994,0.8799,0.0207,
Sofa_08_05.obj,1,1,0.0994,0.8799,0.0207,
Sofa_08_06.obj,1,1,0.0994,0.8799,0.0207,
Sofa_08_07.obj,1,1,0.3053,0.624,0.0707,
Sofa_08_08.obj,1,1,0.3052,0.6242,0.0706,
Sofa_08_09.obj,1,1,0.2648,0.6895,0.0458,
Sofa_08_10.obj,2,1,0.2181,0.3414,0.4405,x
Sofa_08_11.obj,2,0,0.2181,0.3414,0.4405,x
Sofa_08_12.obj,2,1,0.2181,0.3414,0.4405,x
Sofa_08_13.obj,2,0,0.2181,0.3414,0.4405,x
Sofa_09_01.obj,0,1,0.5046,0.4756,0.0199,x
Sofa_09_02.obj,1,1,0.4109,0.5623,0.0268,
Sofa_09_03.obj,1,1,0.4076,0.5213,0.0711,
Sofa_09_04.obj,1,1,0.4098,0.5269,0.0633,
Sofa_09_05.obj,1,1,0.3288,0.6375,0.0337,
Sofa_09_06.obj,1,1,0.153,0.8065,0.0405,
Sofa_09_07.obj,0,1,0.5848,0.3492,0.0659,x
Sofa_09_08.obj,0,1,0.5194,0.3918,0.0889,x
Sofa_09_09.obj,0,1,0.4826,0.409,0.1084,x
Sofa_09_10.obj,0,1,0.6624,0.2953,0.0423,x
Sofa_09_11.obj,1,1,0.153,0.8066,0.0404,
Sofa_09_12.obj,1,1,0.3288,0.6375,0.0337,
Sofa_10_01.obj,1,1,0.3354,0.6004,0.0642,
Sofa_10_02.obj,1,1,0.2841,0.6889,0.027,
Sofa_10_03.obj,1,1,0.3358,0.6045,0.0596,
Sofa_10_04.obj,1,1,0.4295,0.4434,0.1271,
Sofa_10_05.obj,1,1,0.175,0.811,0.014,
Sofa_10_06.obj,1,1,0.1705,0.4948,0.3347,
Sofa_10_07.obj,1,1,0.1624,0.4499,0.3878,
Sofa_10_08.obj,1,1,0.1624,0.4499,0.3878,
Sofa_10_09.obj,1,1,0.1741,0.508,0.3179,
Sofa_10_10.obj,1,1,0.1741,0.508,0.3179,
Sofa_10_11.obj,1,1,0.1507,0.6034,0.2458,
Sofa_10_12.obj,1,0,0.1507,0.6034,0.2458,x
Sofa_10_13.obj,1,0,0.1507,0.6034,0.2458,x
Sofa_10_14.obj,0,0,0.9517,0.0471,0.0012,
Sofa_11_01.obj,1,1,0.2342,0.5048,0.2611,
Sofa_11_02.obj,1,0,0.2127,0.5258,0.2615,x
Sofa_11_03.obj,2,0,0.1701,0.3573,0.4727,x
Sofa_11_04.obj,1,1,0.2021,0.4823,0.3156,
Sofa_11_05.obj,1,1,0.2127,0.5258,0.2615,
Sofa_11_06.obj,0,0,0.5067,0.3978,0.0955,
Sofa_11_07.obj,0,0,0.5008,0.401,0.0982,
Sofa_11_08.obj,1,1,0.0529,0.9431,0.004,
Sofa_12_01.obj,1,1,0.1811,0.6938,0.1251,
Sofa_12_02.obj,1,1,0.3106,0.6114,0.078,
Sofa_12_03.obj,1,1,0.3439,0.605,0.0511,
Sofa_12_04.obj,1,0,0.37,0.4788,0.1512,x
Sofa_12_05.obj,0,0,0.4425,0.3953,0.1622,
Sofa_12_06.obj,0,0,0.4449,0.3926,0.1625,
Sofa_12_07.obj,0,0,0.4449,0.3926,0.1625,
Sofa_12_08.obj,0,0,0.4449,0.3926,0.1626,
Sofa_13_01.obj,1,1,0.2898,0.6316,0.0786,
Sofa_13_02.obj,1,1,0.2582,0.7014,0.0404,
Sofa_13_03.obj,1,1,0.0999,0.8816,0.0184,
Sofa_13_04.obj,1,1,0.3259,0.5968,0.0773,
Sofa_13_05.obj,0,0,0.4456,0.3938,0.1606,
Sofa_13_06.obj,0,0,0.4444,0.3976,0.158,
Sofa_13_07.obj,0,0,0.4448,0.3961,0.159,
Sofa_13_08.obj,0,0,0.4444,0.3974,0.1582,
Sofa_14_01.obj,1,1,0.3624,0.5762,0.0614,
Sofa_14_02.obj,0,2,0.472,0.4108,0.1172,x
Sofa_14_03.obj,0,2,0.4724,0.4103,0.1172,x
Sofa_14_04.obj,1,2,0.1667,0.8128,0.0205,x
Sofa_14_05.obj,1,2,0.3564,0.5992,0.0444,x
Sofa_15_01.obj,1,1,0.0604,0.8874,0.0521,
Sofa_15_02.obj,1,1,0.0578,0.8994,0.0428,
Sofa_15_03.obj,1,1,0.0578,0.8995,0.0427,
Sofa_15_04.obj,1,2,0.064,0.8648,0.0712,x
Sofa_15_05.obj,0,2,0.4577,0.4185,0.1238,x
Sofa_15_06.obj,0,2,0.4578,0.4182,0.124,x
Sofa_15_07.obj,2,2,0.1948,0.394,0.4111,
Sofa_15_08.obj,1,2,0.1663,0.4654,0.3683,x
Sofa_15_09.obj,0,1,0.4869,0.4327,0.0805,x
Sofa_15_10.obj,0,1,0.4853,0.4192,0.0955,x
Sofa_15_11.obj,0,1,0.9271,0.0693,0.0037,x
Sofa_15_12.obj,0,1,0.9271,0.0693,0.0037,x
Sofa_15_13.obj,0,1,0.9271,0.0693,0.0037,x
Sofa_16_01.obj,1,1,0.1867,0.7533,0.0601,
Sofa_16_02.obj,1,1,0.1344,0.8305,0.0351,
Sofa_16_03.obj,1,1,0.3798,0.5291,0.0911,
Sofa_16_04.obj,1,1,0.2318,0.6558,0.1123,
Sofa_16_05.obj,1,1,0.1991,0.6345,0.1664,
Sofa_16_06.obj,1,0,0.3797,0.5294,0.0909,x
Sofa_16_07.obj,1,0,0.2346,0.6527,0.1127,x
Sofa_16_08.obj,1,1,0.2012,0.5973,0.2015,
Sofa_16_09.obj,1,1,0.042,0.949,0.009,
Sofa_16_10.obj,1,0,0.0443,0.9437,0.012,x
Sofa_16_11.obj,1,0,0.0319,0.9658,0.0023,x
Sofa_16_12.obj,1,1,0.0452,0.941,0.0137,
Sofa_16_13.obj,1,1,0.0327,0.9214,0.0459,
Sofa_16_14.obj,1,1,0.0327,0.9214,0.0459,
Sofa_17_01.obj,1,2,0.1246,0.617,0.2584,x
Sofa_17_02.obj,1,2,0.2315,0.4752,0.2933,x
Sofa_17_03.obj,1,2,0.3577,0.3634,0.2789,x
Sofa_17_04.obj,1,2,0.0563,0.7454,0.1984,x
Sofa_17_05.obj,1,2,0.0558,0.7374,0.2068,x
Sofa_17_06.obj,1,2,0.2366,0.4726,0.2908,x
Sofa_17_07.obj,1,1,0.3436,0.5116,0.1449,
Sofa_17_08.obj,1,1,0.0459,0.9399,0.0142,
Sofa_17_09.obj,1,1,0.0323,0.9653,0.0024,
Sofa_17_10.obj,1,1,0.099,0.881,0.02,
Sofa_17_11.obj,0,1,0.9292,0.069,0.0018,x
Sofa_17_12.obj,1,0,0.0873,0.9015,0.0112,x
Sofa_17_13.obj,0,2,0.9139,0.0804,0.0057,x
Sofa_17_14.obj,2,2,0.2163,0.3368,0.4468,
Sofa_17_15.obj,2,2,0.2163,0.3368,0.4468,
Sofa_17_16.obj,2,2,0.2163,0.3368,0.4468,
Sofa_17_17.obj,1,1,0.0836,0.9015,0.0149,
Sofa_18_01.obj,0,1,0.4365,0.4065,0.1571,x
Sofa_18_02.obj,0,1,0.4344,0.4136,0.1519,x
Sofa_18_03.obj,0,0,0.4365,0.4065,0.1571,
Sofa_18_04.obj,0,1,0.4344,0.4136,0.1519,x
Sofa_18_05.obj,2,2,0.0017,0.009,0.9892,
Sofa_18_06.obj,1,2,0.4342,0.4859,0.0799,x
Sofa_18_07.obj,1,1,0.4341,0.4862,0.0797,
Sofa_18_08.obj,0,2,0.5612,0.3997,0.0391,x
Sofa_18_09.obj,1,1,0.4655,0.5233,0.0112,
Sofa_18_10.obj,1,2,0.0952,0.874,0.0308,x
Sofa_19_01.obj,1,2,0.2471,0.5743,0.1786,x
Sofa_19_02.obj,0,2,0.4377,0.399,0.1633,x
Sofa_19_03.obj,0,2,0.4377,0.399,0.1633,x
Sofa_19_04.obj,0,2,0.4377,0.399,0.1633,x
Sofa_19_05.obj,0,1,0.4377,0.399,0.1633,x
Sofa_19_06.obj,1,1,0.4342,0.4849,0.0809,
Sofa_19_07.obj,1,1,0.4364,0.4851,0.0786,
Sofa_19_08.obj,1,1,0.0702,0.9171,0.0127,
Sofa_19_09.obj,1,1,0.0702,0.9171,0.0127,
Sofa_19_10.obj,1,1,0.1121,0.8741,0.0138,
Sofa_19_11.obj,1,1,0.1121,0.8741,0.0138,
Sofa_19_12.obj,1,1,0.0524,0.9179,0.0297,
Sofa_19_13.obj,1,1,0.0554,0.9401,0.0046,
Sofa_19_14.obj,1,1,0.0553,0.9401,0.0046,
Sofa_20_01.obj,1,1,0.2529,0.6727,0.0745,
Sofa_20_02.obj,0,2,0.4392,0.4107,0.1501,x
Sofa_20_03.obj,0,1,0.451,0.3997,0.1493,x
Sofa_20_04.obj,1,0,0.4604,0.496,0.0436,x
Sofa_20_05.obj,1,1,0.2003,0.6809,0.1188,
Sofa_20_06.obj,1,1,0.2013,0.6773,0.1214,
Sofa_20_07.obj,1,1,0.1066,0.8151,0.0783,
Sofa_20_08.obj,1,1,0.1066,0.8151,0.0783,
Sofa_20_09.obj,1,1,0.0657,0.9202,0.0141,
Sofa_20_10.obj,1,1,0.0327,0.966,0.0013,
Sofa_20_11.obj,1,1,0.0547,0.8686,0.0767,
Sofa_20_12.obj,1,1,0.0485,0.9032,0.0483,
Sofa_20_13.obj,1,1,0.3203,0.6734,0.0063,
Table_01_01.obj,1,1,0.1582,0.8373,0.0045,
Table_01_02.obj,0,0,0.9844,0.0129,0.0027,
Table_01_03.obj,0,0,0.9692,0.0262,0.0046,
Table_01_04.obj,0,0,0.9128,0.0824,0.0047,
Table_01_05.obj,0,0,0.5429,0.3948,0.0623,
Table_01_06.obj,1,1,0.0879,0.9082,0.0038,
Table_01_07.obj,0,0,0.9755,0.0207,0.0038,
Table_01_08.obj,0,0,0.9819,0.0148,0.0033,
Table_02_01.obj,0,0,0.9838,0.0141,0.0021,
Table_02_02.obj,0,0,0.9838,0.0141,0.0021,
Table_02_03.obj,0,0,0.9904,0.0076,0.002,
Table_02_04.obj,1,1,0.1434,0.8523,0.0042,
Table_02_05.obj,0,0,0.9904,0.0076,0.002,
Table_02_06.obj,1,0,0.1044,0.8907,0.0049,x
Table_03_01.obj,0,1,0.9565,0.0381,0.0054,x
Table_03_02.obj,0,1,0.7421,0.2542,0.0037,x
Table_03_03.obj,0,1,0.7423,0.254,0.0037,x
Table_03_04.obj,1,1,0.1227,0.8729,0.0044,
Table_03_05.obj,0,1,0.9566,0.0381,0.0054,x
Table_04_01.obj,0,0,0.7863,0.1975,0.0162,
Table_04_02.obj,0,0,0.7863,0.1975,0.0162,
Table_04_03.obj,0,0,0.9499,0.0472,0.0029,
Table_04_04.obj,0,0,0.9499,0.0472,0.0029,
Table_04_05.obj,0,0,0.9408,0.0539,0.0054,
Table_04_06.obj,0,0,0.9408,0.0539,0.0054,
Table_04_07.obj,0,0,0.9408,0.0539,0.0054,
Table_04_08.obj,0,0,0.9408,0.0539,0.0054,
Table_04_09.obj,0,0,0.9137,0.081,0.0053,
Table_04_10.obj,0,0,0.9137,0.081,0.0053,
Table_04_11.obj,0,0,0.9499,0.0472,0.0029,
Table_04_12.obj,0,0,0.9488,0.0483,0.0029,
Table_04_13.obj,1,1,0.2887,0.6708,0.0406,
Table_05_01.obj,0,0,0.9144,0.0821,0.0035,
Table_05_02.obj,0,0,0.8901,0.104,0.0059,
Table_05_03.obj,0,0,0.8476,0.1417,0.0107,
Table_05_04.obj,0,0,0.9889,0.0102,0.0009,
Table_05_05.obj,0,0,0.9889,0.0102,0.0009,
Table_05_06.obj,0,0,0.9889,0.0102,0.0009,
Table_05_07.obj,1,1,0.0343,0.9639,0.0019,
Table_05_08.obj,1,1,0.4027,0.5818,0.0155,
Table_05_09.obj,0,0,0.9144,0.0821,0.0035,
Table_05_10.obj,0,0,0.8476,0.1417,0.0107,
Table_05_11.obj,0,0,0.8476,0.1417,0.0107,
Table_05_12.obj,0,0,0.8476,0.1417,0.0107,
Table_05_13.obj,0,0,0.9889,0.0102,0.0009,
Table_05_14.obj,0,0,0.7839,0.1943,0.0218,
Table_05_15.obj,0,0,0.7839,0.1943,0.0218,
Table_07_01.obj,0,0,0.9964,0.0026,0.0011,
Table_07_02.obj,1,1,0.0604,0.9362,0.0034,
Table_07_03.obj,1,1,0.1442,0.8498,0.006,
Table_07_04.obj,0,0,0.5386,0.4095,0.0519,
Table_07_05.obj,0,0,0.8872,0.1073,0.0054,
Table_07_06.obj,0,0,0.9953,0.0037,0.001,
Table_07_07.obj,0,0,0.9964,0.0026,0.0011,
Table_07_08.obj,0,0,0.9956,0.0034,0.001,
Table_08_01.obj,0,0,0.6204,0.3402,0.0394,
Table_08_02.obj,0,0,0.6204,0.3402,0.0394,
Table_08_03.obj,0,0,0.9613,0.0359,0.0028,
Table_08_04.obj,0,0,0.9613,0.0359,0.0028,
Table_08_05.obj,0,0,0.9613,0.0359,0.0028,
Table_08_06.obj,1,1,0.1168,0.8757,0.0075,
Table_08_07.obj,0,0,0.9111,0.085,0.0039,
Table_08_08.obj,0,0,0.9111,0.085,0.0039,
Table_08_09.obj,0,0,0.9613,0.0359,0.0028,
Table_09_01.obj,0,0,0.8601,0.1273,0.0126,
Table_09_02.obj,0,0,0.8601,0.1273,0.0126,
Table_09_03.obj,0,0,0.8601,0.1273,0.0126,
Table_09_04.obj,0,0,0.8884,0.1069,0.0046,
Table_09_05.obj,0,0,0.623,0.352,0.0251,
Table_09_06.obj,0,0,0.88,0.1146,0.0054,
Table_09_07.obj,1,1,0.3203,0.6262,0.0535,
Table_09_08.obj,0,0,0.8676,0.1282,0.0042,
Table_09_09.obj,1,1,0.2656,0.7078,0.0266,
Table_09_10.obj,0,0,0.8601,0.1273,0.0126,
Table_09_11.obj,0,0,0.5553,0.3706,0.0741,
Table_09_12.obj,0,0,0.7707,0.1764,0.0529,
Table_10_01.obj,0,0,0.5384,0.4048,0.0568,
Table_10_02.obj,0,0,0.754,0.2366,0.0094,
Table_10_03.obj,0,0,0.9084,0.087,0.0046,
Table_10_04.obj,0,0,0.9084,0.087,0.0046,
Table_10_05.obj,0,0,0.9084,0.087,0.0046,
Table_10_06.obj,0,0,0.9084,0.087,0.0046,
Table_10_07.obj,0,0,0.9323,0.0633,0.0044,
Table_10_08.obj,0,0,0.5403,0.4143,0.0454,
Table_10_09.obj,1,1,0.037,0.962,0.0011,
Table_10_10.obj,0,0,0.9942,0.0052,0.0005,
Table_10_11.obj,0,0,0.9943,0.0052,0.0005,
Table_10_12.obj,0,0,0.9943,0.0052,0.0005,
Table_10_13.obj,0,0,0.9943,0.0052,0.0005,
Table_10_14.obj,0,0,0.5429,0.4007,0.0564,
Table_10_15.obj,0,0,0.7575,0.2331,0.0094,
Table_10_16.obj,0,0,0.9084,0.087,0.0046,
Table_10_17.obj,0,0,0.9084,0.087,0.0046,
Table_10_18.obj,0,0,0.5403,0.4143,0.0454,
Table_10_19.obj,0,0,0.9323,0.0633,0.0044,
Table_10_20.obj,0,0,0.9977,0.0023,0.0,
Table_10_21.obj,0,0,0.9383,0.052,0.0098,
Table_11_01.obj,0,0,0.9894,0.0098,0.0008,
Table_11_02.obj,0,0,0.9473,0.0501,0.0026,
Table_11_03.obj,0,0,0.9473,0.0501,0.0026,
Table_11_04.obj,0,0,0.9894,0.0098,0.0008,
Table_11_05.obj,0,0,0.6197,0.3467,0.0336,
Table_11_06.obj,1,1,0.0393,0.9585,0.0022,
Table_11_07.obj,0,0,0.9473,0.0501,0.0026,
Table_11_08.obj,0,0,0.9894,0.0098,0.0008,
Table_11_09.obj,0,0,0.9894,0.0098,0.0008,
Table_11_10.obj,0,0,0.9473,0.0501,0.0026,
Table_11_11.obj,0,0,0.6196,0.3468,0.0336,
Table_11_12.obj,0,0,0.6196,0.3468,0.0336,
Table_11_13.obj,0,0,0.6196,0.3468,0.0336,
Table_12_01.obj,1,1,0.0314,0.9669,0.0017,
Table_12_02.obj,0,0,0.9946,0.0046,0.0008,
Table_12_03.obj,1,1,0.0863,0.91,0.0037,
Table_12_04.obj,0,0,0.9958,0.0036,0.0005,
Table_12_05.obj,0,0,0.9946,0.0046,0.0008,
Table_13_01.obj,1,1,0.2326,0.7575,0.0099,
Table_13_02.obj,0,0,0.8867,0.1089,0.0044,
Table_13_03.obj,1,1,0.2326,0.7575,0.0099,
Table_13_04.obj,0,0,0.8036,0.1846,0.0117,
Table_13_05.obj,0,0,0.7692,0.2178,0.0131,
Table_13_06.obj,0,0,0.7323,0.2585,0.0092,
Table_13_07.obj,0,0,0.976,0.0222,0.0018,
Table_13_08.obj,0,0,0.976,0.0222,0.0018,
Table_13_09.obj,0,0,0.6047,0.3755,0.0198,
Table_13_10.obj,0,0,0.6577,0.3244,0.0179,
Table_13_11.obj,1,0,0.3873,0.5962,0.0165,x
Table_13_12.obj,0,0,0.6419,0.3402,0.0179,
Table_13_13.obj,0,0,0.678,0.313,0.009,
Table_13_14.obj,0,0,0.976,0.0222,0.0018,
Table_13_15.obj,0,0,0.976,0.0222,0.0018,
Table_13_16.obj,1,0,0.3634,0.63,0.0066,x
Table_14_01.obj,1,1,0.1507,0.8355,0.0139,
Table_14_02.obj,1,1,0.1373,0.8509,0.0118,
Table_14_03.obj,1,1,0.1366,0.8568,0.0066,
Table_14_04.obj,0,0,0.9581,0.0356,0.0062,
Table_14_05.obj,0,0,0.9403,0.052,0.0077,
Table_14_06.obj,0,0,0.9259,0.0668,0.0073,
Table_14_07.obj,1,1,0.0445,0.9317,0.0237,
Table_14_08.obj,1,1,0.0296,0.9687,0.0017,
Table_14_09.obj,1,1,0.0752,0.9215,0.0033,
Table_14_10.obj,0,0,0.9584,0.0354,0.0062,
Table_15_01.obj,0,0,0.9229,0.072,0.0051,
Table_15_02.obj,0,0,0.9229,0.072,0.0051,
Table_15_03.obj,1,1,0.1275,0.8642,0.0083,
Table_15_04.obj,1,1,0.1244,0.868,0.0076,
Table_15_05.obj,0,0,0.9229,0.072,0.0051,
Table_15_06.obj,0,0,0.9229,0.072,0.0051,
Table_17_01.obj,1,1,0.0756,0.9011,0.0232,
Table_17_02.obj,1,1,0.0756,0.9011,0.0232,
Table_17_03.obj,1,1,0.0786,0.8946,0.0268,
Table_17_04.obj,0,0,0.6824,0.2923,0.0253,
Table_17_05.obj,0,0,0.9092,0.0868,0.004,
Table_17_06.obj,0,0,0.9092,0.0868,0.004,
Table_17_07.obj,0,0,0.976,0.0222,0.0018,
Table_17_08.obj,1,1,0.1145,0.8778,0.0076,
Table_17_09.obj,1,1,0.0786,0.8946,0.0268,
Table_17_10.obj,0,0,0.6823,0.2924,0.0253,
Table_17_11.obj,0,0,0.976,0.0222,0.0018,
Table_17_12.obj,0,0,0.976,0.0222,0.0018,
Table_17_13.obj,0,0,0.976,0.0222,0.0018,
Table_18_01.obj,1,1,0.2892,0.6802,0.0305,
Table_18_02.obj,0,0,0.8688,0.1114,0.0198,
Table_18_03.obj,0,0,0.9084,0.0875,0.0042,
Table_18_04.obj,0,0,0.9084,0.0875,0.0042,
Table_18_05.obj,0,0,0.9295,0.0661,0.0044,
Table_18_06.obj,0,0,0.8688,0.1114,0.0198,
Table_18_07.obj,0,0,0.9295,0.0661,0.0044,
Table_18_08.obj,0,0,0.9295,0.0661,0.0044,
Table_18_09.obj,0,0,0.9295,0.0661,0.0044,
Table_18_10.obj,0,0,0.8688,0.1114,0.0198,
Table_18_11.obj,0,0,0.8688,0.1114,0.0198,
Table_18_12.obj,0,0,0.9084,0.0875,0.0042,
Table_18_13.obj,0,0,0.9084,0.0875,0.0042,
Table_18_14.obj,1,1,0.1135,0.8777,0.0087,
Table_19_01.obj,1,1,0.1105,0.8557,0.0338,
Table_19_02.obj,1,1,0.0461,0.9513,0.0026,
Table_19_03.obj,0,0,0.9639,0.0318,0.0042,
Table_19_04.obj,0,0,0.9639,0.0318,0.0042,
Table_19_05.obj,1,1,0.0939,0.9021,0.004,
Table_19_06.obj,0,0,0.9639,0.0318,0.0042,
Table_19_07.obj,0,0,0.9639,0.0318,0.0042,
Table_19_08.obj,1,1,0.0701,0.9264,0.0035,
Table_20_01.obj,1,0,0.2452,0.7209,0.034,x
Table_20_02.obj,0,0,0.738,0.2365,0.0255,
Table_20_03.obj,1,1,0.1159,0.8797,0.0044,
