file,rf_prediction,rf_confidence,prediction,ground_truth,error,linearity,planarity,eig_ratio_r12,eig_ratio_r23,elongation,thickness_norm,aspect_ratio_xy,aspect_ratio_yz,area_to_volume_ratio,compactness,occupancy,roughness,rectangularity,axis_alignment
BedSet_08_01,A,0.895,A,A,,0.9971555555554868,0.002492404420195289,351.56249999148594,8.079889353365365,53.297149054848596,0.018732813971274836,18.749999995386325,2.842514616258591,0.19172480076673223,0.9999999999999776,5.420652645294427e-05,1.0,1.0,1.0
BedSet_08_02,A,0.905,A,A,,0.9971555555554871,0.0024923945708554118,351.5624999915101,8.079663301373934,53.29565797524961,0.018733337884770263,18.749999995386325,2.8424350920133117,0.19172284394199238,0.9999860116382502,5.4205009931944265e-05,0.9999999999999923,0.9999999999999999,1.0
BedSet_08_03,SL,0.79,SL,SL,,0.9064688131764638,0.09265901632547566,10.691620987195487,107.23956729944356,28.830434684116607,0.03315137393496367,3.270428564320474,8.81549133867664,0.13028599818112827,0.8734817303392102,0.0001353346185161513,0.972975268235082,0.9940173759629216,0.9939997238618806
BedSet_08_04,SL,0.82,SL,SL,,0.5621847434871569,0.4369415303610746,2.2840684172697103,501.08979298196897,28.830415251926503,0.029495361970817063,1.6186044785936287,17.811896378904326,0.12274673754167818,0.8719559402844028,6.69800641157679e-05,0.9729756370218445,0.9939451876753626,0.9951610060256414
BedSet_08_05,SL,0.565,SL,OB,x,0.5149436757512219,0.4778917318048699,2.06161624951214,67.70187251350403,9.430234463494884,0.08595497166350231,1.3992524521742635,6.739480390881339,0.03121725143646077,0.9435779193820566,1.4594820670668708e-05,0.9984710839110689,0.9996978916616694,0.9901575060274741
BedSet_08_06,SL,0.945,SL,SL,,0.7297169852032778,0.2457801524700238,3.699825535656268,11.030671078019111,3.165760419938616,0.2683502391821812,1.8704614707079725,1.6925023419624998,0.05075371579795787,0.5539028703073311,0.0006502127745376894,0.9982201002176903,0.9542790131997737,0.8910113414755408
BedSet_08_07,SL,0.84,SL,SL,,0.05886616013065547,0.9171374536492725,1.0625481282648004,39.21981548546487,5.488828515518218,0.1366505211021231,1.159080745607746,4.7355014188829445,0.024566412535254087,0.8204566243329848,7.30210459963623e-05,0.9936622257913885,0.9272215168255011,0.9265063610806104
BedSet_08_08,SL,0.78,SL,SL,,0.5158226255176316,0.48075897998952954,2.065358797628672,141.6388235753857,12.65768799639567,0.06414371720562571,1.3992524521742635,9.046035957624312,0.04002668696068893,0.947546302744804,1.9630304475012592e-05,0.9981754323753212,0.9946853710254171,0.9870993350738968
BedSet_08_09,SL,0.93,SL,SL,,0.7307309665514564,0.2449202399415879,3.713757899272781,11.058824469914603,3.2805332134330056,0.25917709416751034,1.8557238751786378,1.7677916726140226,0.050696118658700086,0.5721981458683355,0.0006686405512204497,0.998923441210762,0.9594883090448265,0.8974005998011664
BedSet_08_10,SL,0.93,SL,SL,,0.31814936040408687,0.6184939817681098,1.4665968496975201,10.762099248428095,2.184257801012715,0.3262957657810379,1.1477937905807267,1.903005416773128,0.07330795378768198,0.6095053479604959,0.0028862963364040535,0.9985392665839661,0.9594060359100233,0.8988192118432987
BedSet_08_11,SL,0.92,SL,SL,,0.3052392837552048,0.6301245243436502,1.439344477334065,10.748787881918714,1.4842790074554906,0.4759644363423146,1.3487285580335928,1.1005023942407757,0.07197460562411964,0.4967839920941093,0.0023389290066047194,0.9985033015853295,0.9559799449567677,0.8988913150643115
BedSet_13_01,OB,0.815,OB,OB,,0.8049023959316468,0.18961700871032788,5.125639572947205,35.59788514264415,11.03175581523311,0.08238231304932431,2.222220183891164,4.964294670211871,0.03449780649939556,0.9923008745972343,1.5950848812951595e-05,0.9999999999055562,0.9917212177016487,0.978541576526033
BedSet_13_02,OB,0.92,OB,OB,,0.921390701061021,0.075967128653976,12.721141308944121,29.751791315248877,19.454478692709973,0.04943300897540222,3.5666708997143473,5.4545202622015605,0.11170744111752332,0.9999999999999919,2.0934801042916094e-05,1.0,1.0,1.0
BedSet_13_03,OB,0.955,OB,OB,,0.4821359907760388,0.5152219853607317,1.9310088791424636,196.01034511123873,19.45501777183155,0.04168447096856203,1.3896074550096817,14.000369457623115,0.10158577868793668,0.9999999999999984,8.156615096855865e-06,1.0,0.9999999999999984,0.9999999999999992
BedSet_13_04,A,0.995,A,A,,0.9962484322687678,0.0026953641031743207,266.5552301441472,3.551936039141196,30.76990620260123,0.03242144258661147,16.3265192261018,1.8846580688894763,0.11966147880017336,0.9999999999999903,2.3209496907371262e-05,1.0,1.0,1.0
BedSet_13_05,A,0.98,A,A,,0.9981938126914354,0.0010499549280608273,553.6524341955806,2.3884025004318525,36.36405996530242,0.027464514348680805,23.529820098981656,1.545445728088345,0.1515008999926608,0.9999999999999837,3.953092005040802e-05,1.0,1.0000000000000002,1.0
BedSet_13_06,A,0.985,A,A,,0.9997416889999369,0.00019414737479661715,3871.302421327233,4.025816791464473,124.84051530977095,0.008008928812908786,62.2197911937664,2.0064438150043014,0.47540405537908786,0.9999999999998431,0.00037644591048007593,1.0,1.0,1.0
BedSet_13_07,A,0.93,A,A,,0.9987645431964134,0.0009285437203086156,809.4172107811934,4.025428926280067,57.0810953598051,0.017505440252998966,28.45025851742447,2.006347157793054,0.47841247477347953,0.999999999999658,0.0008233543033101917,1.0,1.0,1.0
BedSet_13_08,A,0.925,A,A,,0.9985705010298301,0.0010744160034420424,699.5457995194506,4.025816791466162,53.068288277630465,0.018826853707815807,26.44892811802049,2.0064438150043014,0.4788229607818021,0.9999999999996309,0.0008855703278899313,1.0,1.0,1.0
BedSet_13_09,A,0.995,A,A,,0.9962484322687678,0.0026953641031743207,266.5552301441472,3.551936039141196,30.76990620260123,0.03242144258661147,16.3265192261018,1.8846580688894763,0.11966147880017336,0.9999999999999903,2.3209496907371262e-05,1.0,1.0,1.0
BedSet_13_10,A,0.98,A,A,,0.9981938126914354,0.0010499549280608273,553.6524341955806,2.3884025004318525,36.36405996530242,0.027464514348680805,23.529820098981656,1.545445728088345,0.1515008999926608,0.9999999999999837,3.953092005040802e-05,1.0,1.0000000000000002,1.0
BedSet_13_11,A,0.985,A,A,,0.9997416889999369,0.00019414737479661715,3871.302421327233,4.025816791464473,124.84051530977095,0.008008928812908786,62.2197911937664,2.0064438150043014,0.47540405537908786,0.9999999999998431,0.00037644591048007593,1.0,1.0,1.0
Cabinet_02_01,OB,0.98,OB,OB,,0.5099999999828654,0.48000000000285037,2.0408163264334034,48.99999993045428,9.999999981333342,0.08164965808770495,1.4285714281927453,6.999999987009576,0.4422859724762404,0.9999999999992015,0.001931385975500462,1.0,0.9999999999999996,0.9999999999999998
Cabinet_02_02,OB,0.99,OB,OB,,0.5100000000077762,0.47559999997978825,2.040816326537155,34.027777746972866,8.33333332099031,0.09783620167584865,1.4285714282290543,5.833333324608486,0.3829755930540651,0.9999999999993296,0.0016094883131013405,1.0,0.9999999999999992,0.9999999999999994
Cabinet_02_03,OB,0.96,OB,OB,,0.9982001836546832,0.0017171717171764142,555.6122448837899,21.77777776693421,109.9999998731064,0.009082364511463653,23.571428565441057,4.666666661282501,0.2902357270034864,0.9999999999999682,7.803579699999846e-05,1.0,1.0,1.0
Cabinet_02_04,OB,0.96,OB,OB,,0.9982001836546832,0.0017171717171764142,555.6122448837899,21.77777776693421,109.9999998731064,0.009082364511463653,23.571428565441057,4.666666661282501,0.2902357270034864,0.9999999999999682,7.803579699999846e-05,1.0,1.0,1.0
Cabinet_02_05,OB,1.0,OB,OB,,0.834530307383392,0.1648233262229246,6.043402777792233,255.9998388425934,39.333320917250816,0.023543362842071706,2.4583333331567205,15.999994949353434,0.2581006832645559,0.9999999999999735,6.365212021855834e-05,1.0,0.9999999999999999,1.0
Cabinet_02_06,OB,1.0,OB,OB,,0.834530307383392,0.16482332622277124,6.043402777792233,255.9998387818605,39.33332091258525,0.02354336284486278,2.4583333331567205,15.999994947455576,0.258100683236412,0.9999999999999867,6.365212021100817e-05,1.0,1.0,1.0
Cabinet_02_07,OB,0.98,OB,OB,,0.5099999999828654,0.48000000000285037,2.0408163264334034,48.99999993045428,9.999999981333342,0.08164965808770495,1.4285714281927453,6.999999987009576,0.4422859724762432,0.9999999999991952,0.001931385975500462,1.0,0.9999999999999996,0.9999999999999998
Cabinet_02_08,OB,0.99,OB,OB,,0.5100000000077761,0.47559999997980396,2.0408163265371546,34.02777774700961,8.333333320994806,0.09783620167579639,1.4285714282290543,5.833333324611633,0.3829755930542258,0.9999999999993279,0.0016094883131022087,1.0,0.9999999999999998,1.0
Cabinet_02_09,OB,0.96,OB,OB,,0.9982001836546832,0.0017171717171764142,555.6122448837899,21.77777776693421,109.9999998731064,0.009082364511463653,23.571428565441057,4.666666661282501,0.2902357270034876,0.999999999999964,7.803579699999846e-05,1.0,1.0,1.0
Cabinet_02_10,OB,0.96,OB,OB,,0.9982001836546832,0.0017171717171764142,555.6122448837899,21.77777776693421,109.9999998731064,0.009082364511463653,23.571428565441057,4.666666661282501,0.2902357270034876,0.999999999999964,7.803579699999846e-05,1.0,1.0,1.0
Cabinet_02_11,OB,1.0,OB,OB,,0.9028473300178149,0.09655984954944666,10.293077896706357,163.88212115606242,39.33333329268629,0.02354335543873606,2.458333333156753,15.999999983428669,0.2581006767322567,0.9999999999999702,0.00012995633038284866,0.999928541076529,0.9966086997692593,0.9984756489566046
Cabinet_02_12,OB,1.0,OB,OB,,0.9028473300178148,0.09655984954926959,10.293077896706345,163.88212110708187,39.33333328680749,0.023543355442252924,2.458333333156753,15.999999981037291,0.25810067669679754,0.9999999999999736,0.00012995633036342526,0.9999285410765287,0.9966086997692601,0.9984756489566013
Cabinet_02_13,OB,1.0,OB,OB,,0.9028473300178148,0.09655984954930615,10.293077896706345,163.88212111718983,39.33333328802112,0.023543355441526897,2.458333333156753,15.999999981530973,0.2581006767041176,0.9999999999999736,0.00012995633036743507,0.999928541076529,0.9966086997692601,0.9984756489566021
Cabinet_02_14,OB,0.98,OB,OB,,0.917387810069134,0.0825887609921649,12.104751137047874,3526.0747823168717,206.66666543539083,0.004651776415038626,3.4929577461256276,59.16666631421685,1.211995882180889,0.9999999999998307,0.0004095017970444857,0.9918640772551818,0.9917575758722441,0.9971978761434561
Cabinet_02_15,OB,0.98,OB,OB,,0.9173878100707903,0.08258876099050862,12.104751137290561,3526.0747822461058,206.66666543539083,0.0046517764150421585,3.4929577461606374,59.166666313623814,1.21199588218109,0.999999999999829,0.00040950179704859005,0.9918640772551818,0.9917575758722711,0.9971978761434893
Cabinet_02_16,OB,0.98,OB,OB,,0.9173878100707903,0.08258876099050863,12.10475113729056,3526.074782245892,206.66666543539083,0.0046517764150421585,3.4929577461606387,59.1666663136238,1.21199588218109,0.9999999999998296,0.00040950179704859026,0.9918640772551818,0.9917575758722711,0.9971978761434893
Cabinet_02_17,OB,0.98,OB,OB,,0.917387810069134,0.08258876099216488,12.104751137047879,3526.0747823169418,206.66666543539083,0.004651776415038626,3.4929577461256276,59.16666631421685,1.211995882180889,0.9999999999998307,0.0004095017970444857,0.9918640772551818,0.9917575758722437,0.9971978761434561
Cabinet_12_01,OB,0.95,OB,OB,,0.15972782405013003,0.8224945166880977,1.1900905785301075,47.26562499460565,7.500024996910856,0.09781570961001494,1.0909127272140127,6.874999997150965,0.09906787382430812,0.9999999999999887,2.705137144680952e-05,1.0,1.0,0.9999999999999999
Cabinet_12_02,OB,0.965,OB,OB,,0.9550497071998401,0.04415118181107899,22.246796132024162,56.25037499710569,35.37499998611316,0.02764329055840388,4.716650944234687,7.500024997085304,0.08998945549199844,0.999999999999998,5.257333673537984e-06,1.0,1.0,1.0
Cabinet_12_03,OB,0.965,OB,OB,,0.9550497071998401,0.04415118181107899,22.246796132024162,56.25037499710569,35.37499998611316,0.02764329055840388,4.716650944234687,7.500024997085304,0.08998945549199842,0.9999999999999981,5.257333673537984e-06,1.0,1.0,1.0
Cabinet_12_04,OB,0.95,OB,OB,,0.15972782405013083,0.8224945166880966,1.1900905785301088,47.265624994604764,7.500024996910786,0.09781570961001584,1.0909127272140127,6.874999997150901,0.09906787382430769,0.9999999999999846,2.705137144680927e-05,1.0,1.0,0.9999999999999999
Cabinet_12_05,OB,0.975,OB,OB,,0.5775028166554123,0.404719524084193,2.366879684457767,23.76562499905513,7.500024997201363,0.11110013879307706,1.538466666550698,4.874999998161015,0.10369080210183548,0.9999999999999841,3.8149369990627244e-05,1.0,1.0,1.0
Cabinet_12_06,OB,0.975,OB,OB,,0.5775028166554123,0.4047195240841927,2.366879684457767,23.76562499905474,7.500024997201363,0.11110013879307706,1.538466666550698,4.874999998161015,0.10369080210183548,0.9999999999999841,3.8149369990627244e-05,1.0,1.0,1.0
Cabinet_12_07,OB,0.975,OB,OB,,0.5775028166554124,0.4047195240841926,2.3668796844577673,23.765624999054694,7.500024997201363,0.11110013879307706,1.538466666550698,4.874999998161015,0.10369080210183548,0.9999999999999841,3.8149369990627244e-05,1.0,1.0,1.0
Chair_26_01,SL,0.81,SL,SL,,0.7611462155459634,0.2298513249389545,4.186661736531685,26.532058717218288,5.144127664920655,0.17092026981837585,1.9772795492288535,2.6016188083836917,0.060625268146773575,0.3658951232590321,0.00019749403351884798,0.9956384411996823,0.8983228690403383,0.8415782355474674
Chair_26_02,SL,0.93,SL,SL,,0.3597933212517233,0.6209210186908077,1.561995576107893,33.19599520265692,5.489915847885692,0.13276689329463084,1.0852132688031622,5.058835904037059,0.0526797421183169,0.47574657634439016,0.0001436605909875755,0.9984608173221979,0.9409523271766964,0.8339204497991549
Chair_26_03,SL,0.93,SL,SL,,0.41322610056197695,0.5792848862842979,1.7042339493241911,78.35129774685542,7.587083469643149,0.09932595868105326,1.159746637901104,6.542018076632246,0.061233711011260655,0.5245029191454348,0.00014841610514740837,0.9981413256091156,0.9540630349973251,0.8818533257204303
Chair_26_04,A,0.97,A,A,,0.9982477595084823,0.00013832504920022624,570.6979178032637,1.0857077423806722,6.1014448878907785,0.1594926860915249,5.860910325589774,1.0410404780920899,0.15701840910879025,0.0352803838932611,5.060565077215788e-05,0.9250799289826134,0.9742660427386294,0.9856713143945427
Chair_26_05,A,0.965,A,A,,0.9978187781683024,0.00024311794750303306,458.45864252209765,1.1254411330490848,6.110512905881534,0.1592537229169277,5.84988433741279,1.0445527728331574,0.15774654878552832,0.035269728470704365,6.175025115584032e-05,0.9479316515407772,0.9921083216565789,0.9864315907005734
Chair_26_06,A,0.67,SL,A,x,0.8348954680929267,0.16450244884204643,6.056768935711327,274.2221821164046,5.8498610057954465,0.14670709823983644,1.7447811284096029,3.3527764086894756,0.021822055275415295,0.15789676091950577,5.603698456959079e-05,0.9776434805488778,0.754384618939282,0.8071665365245693
Chair_26_07,SL,0.935,SL,SL,,0.3243834840445775,0.6748601440674764,1.4801295947976725,893.2332450768837,25.7609651703553,0.02873819647455153,1.102269142528713,23.370848530335184,0.033019703022942486,0.8615334030604044,0.0009421585955119943,0.9981221720978187,0.9328190556771293,0.8267581658588187
Chair_26_08,SL,0.785,CA,SL,x,0.32372938107367094,0.54811917978917,1.478697982750168,5.27712075244114,1.7634931840995125,0.37291069738422333,1.0046626753710564,1.7553087491896906,0.023114093298260533,0.42091351504876073,5.184064914366602e-05,0.9973994426894117,0.9310482349727839,0.8140331844884237
Chair_64_01,SL,0.88,SL,SL,,0.7173348803548878,0.23459725775887996,3.5377552110257193,5.880542810783481,2.8591740252086653,0.28806433833337997,1.6859362683839993,1.6958968608328544,0.02417892057065263,0.5058645139622103,2.2709011670119507e-05,0.9977299103019257,0.8783529148672827,0.6909061792368025
Chair_64_02,SL,0.9,SL,SL,,0.48381863711491657,0.48137571788146466,1.9373035756472132,14.83039210539381,4.372270673518303,0.17187496054957466,1.1797786811620872,3.7060092229493997,0.026266042030113082,0.5881516849044127,2.319276318000012e-05,0.9975667448903345,0.8347677825250954,0.6084384144666366
Chair_64_03,A,0.905,A,A,,0.9326178090635887,0.06648061762184784,14.840716606314,74.73844871823721,7.328101815379581,0.13149549622386247,4.140593712367582,1.769819094540432,0.04582499715243521,0.11989611350088192,1.3364668876790956e-05,0.9940884693381017,0.5415179501448593,0.7204172316133832
Chair_64_04,A,0.905,A,A,,0.9326178090635887,0.06648061762184784,14.840716606313997,74.738448718235,7.328101815379583,0.13149549622386247,4.140593712367582,1.7698190945404324,0.045824997152241684,0.11989611350088261,1.3364668876790958e-05,0.9940885754388066,0.541517950144859,0.720417231613383
Chair_64_05,A,1.0,A,A,,0.9986097538380372,1.1875329337951741e-07,719.2970765607773,1.0000854259937668,14.20254070410741,0.0696306181591186,7.548065202921557,1.8816134094583505,0.21556171941816968,0.2185169829938351,0.00011761234678387937,0.999999999992841,0.9999957644878108,0.9999993609636387
Chair_64_06,A,1.0,A,A,,0.9986097538380372,1.1875329337971489e-07,719.2970765607774,1.0000854259937668,14.20254070410741,0.0696306181591186,7.548065202921557,1.8816134094583505,0.21556171941816976,0.2185169829938352,0.00011761234678387937,0.9999999999923329,0.999995764487811,0.9999993609636387
Chair_64_07,A,0.95,A,A,,0.996129363307012,0.0035020329154106466,258.35542814218644,10.500805819727649,13.169925799449327,0.05416490564742488,1.020944054577222,12.899752675053673,0.3021591605980081,0.02809803927317109,1.2031165887090918e-05,0.9522214109626815,0.9100052954540157,0.9877662636446083
Chair_64_08,A,0.95,A,A,,0.9961293780339806,0.0035020172147527686,258.35641113465675,10.500738128001883,13.169925799449302,0.05416490564742498,1.020944054577222,12.899752675053648,0.30215965000662914,0.02809803927317104,1.2031165887090894e-05,0.9522216214280419,0.9100044202207898,0.9877661939831062
Sofa_05_01,OB,0.85,OB,OB,,1.54304475854543e-11,0.884110457174542,0.9999999999893149,8.62890624737133,2.9374999977013805,0.23403220720873635,0.9999999997521986,2.9374999976787164,0.25232283893930085,0.9999999999995105,0.0011761087774259155,1.0,1.0,1.0
Sofa_05_02,CA,0.765,CA,CA,,0.6984847458441875,0.11237985024242705,3.3165817855532422,1.5941767004844607,3.6001236392268847,0.24374271460211017,2.12466084276383,1.6944462695773728,0.014593777243580975,0.5277969026940708,6.3351436037901365e-06,0.9219562573745526,0.9045265033599397,0.9178155156781926
Sofa_05_03,CA,0.41,CA,OB,x,0.906039707300204,0.07429457731591978,10.64279358083775,4.77787310884493,4.543175615438285,0.19052502067572455,1.8691402582398131,2.430623167553266,0.0677196199838809,0.8426487117523518,0.0001292988464673687,0.4743853047353241,0.9999995541256689,0.9999997548051284
Sofa_05_04,CA,0.765,SL,CA,x,0.5872739133504421,0.35523833934281207,2.4229144518524866,7.179374840469045,8.142856824982706,0.11140084206027227,2.23506722687328,3.6432268017881495,0.028624972407155336,0.8110117491242482,7.978772165722312e-06,0.9927362191666195,0.5892069796510099,0.6590880296765822
Sofa_05_05,A,0.95,A,A,,0.9798333762509266,0.016637837349030248,49.586882387572395,5.714889330950246,28.5000131311212,0.03443223250590258,5.184457074792225,5.497203027824799,0.044703907888355446,0.39114148233652185,0.0002584307877373867,0.98746908599465,0.47570672394833735,0.8122117160224033
Sofa_05_06,CA,0.95,CA,CA,,0.5781862930982649,0.41290661299110804,2.3707148052250355,47.357051708781,3.6318087769996716,0.20397586964891673,1.1574919439387696,3.1376536102797004,0.11438604594509308,0.4236989057738293,0.00011091212529485468,0.8693840076193237,0.9999998452513787,0.9999998785875694
Sofa_05_07,CA,0.93,CA,CA,,0.7075194531839518,0.28630447511686796,3.4190308069551834,47.35705170878179,4.3614888711781035,0.1829788560408006,1.3900481109534104,3.137653176557892,0.11255119531346719,0.4236988435079124,9.235642475694909e-05,0.8693840076192831,0.9999998764465258,0.9999998955886109
Sofa_05_08,CA,0.64,OB,CA,x,0.7915058863974516,0.2040915144947293,4.796298479225664,47.35705170876586,5.165789503979614,0.16323345945624423,1.646385035174035,3.137655769025902,0.11112928992504628,0.4236992091247019,7.79768869967738e-05,0.8693840076193073,1.0,1.0
Sofa_05_09,CA,0.81,CA,CA,,0.7401031336429383,0.25440883750014237,3.847680097171314,47.35705170876525,1.2728842150591726,0.48702697124859706,1.0076578284582594,1.2632107636604744,0.11202747588060337,0.12384127841354155,2.5446455035375902e-05,0.869384007619249,0.9999999999999929,0.9999999999999861
Sofa_05_10,CA,0.925,CA,CA,,0.7021100851011771,0.29159961801273465,3.356944797338294,47.357051708767024,4.32171082946344,0.1840460962469431,1.377369331541075,3.1376557690258453,0.11263526049316135,0.4236992091246881,9.320664900916901e-05,0.8693840076193086,1.0000000000000002,1.0
Sofa_05_11,OB,0.79,CA,OB,x,0.04167762847090115,0.8560673784411965,1.0434901967063146,9.37188828207391,2.9999999975981786,0.22941573384193284,0.9999999997498292,2.99999999759811,0.17592555743767385,0.9895833333417405,0.0010336468165323893,0.9256198347107436,0.9999999999999997,0.9999999999999998
Sofa_05_12,OB,0.81,OB,OB,,4.5994641443623123e-14,0.8744529952893698,0.9999999999717541,7.965144228465673,2.937499997701449,0.2340322072078804,0.9999999997445064,2.9374999977013805,0.25232283893890556,0.9999999999995097,0.0012741178422015485,1.0,1.0,1.0
Sofa_05_13,CA,0.655,CA,CA,,0.9519485360523493,0.044532273415414825,20.811020473563918,13.654124011409754,7.75171199953776,0.12319402745441135,3.537735848557401,2.1911505918602643,0.130726928126675,0.5884599073486889,0.0007535080129780148,0.9915539144541516,0.9540969520749993,0.975705850830908
Sofa_22_01,SL,0.91,SL,SL,,0.3038567042479744,0.5941212641133543,1.436485858732568,6.823460428790581,1.746622344541878,0.4051416079495871,1.2223767544885595,1.4288739850953014,0.02795456288286396,0.5321201973147103,1.1562598385903868e-05,0.99816252510997,0.9317285366861484,0.878979268882903
Sofa_22_02,SL,0.9,SL,SL,,0.3377622544932427,0.5332960988616466,1.5100317171351196,5.135949188928152,1.833592224237256,0.39604631964151665,1.2922403524899249,1.4189250634654074,0.026805232396963145,0.4685059083383762,1.0216944336492362e-05,0.9976317139611117,0.8358046802516079,0.7877751286770729
Sofa_22_03,SL,0.895,SL,SL,,0.3732105732423439,0.5363757756264194,1.595432145644651,6.932464499715984,1.8356432671370486,0.4018520021740233,1.3595723150721277,1.3501622875926873,0.027519929604498252,0.4864549666353458,9.950839350884999e-06,0.9966809041159809,0.9115640953241849,0.8590282434974311
Sofa_22_04,SL,0.675,CA,SL,x,0.9239791664459475,0.04835649957325777,13.154288808064498,2.7479726642483615,4.104999855787672,0.22440577370918458,2.8977415505968778,1.4166204210668436,0.03402429573600122,0.7736065476863863,3.9370502742453764e-05,0.9263708716291986,0.9511539613935218,0.9648670167293928
Sofa_22_05,SL,0.655,CA,SL,x,0.9239070226137568,0.04848343060468662,13.141817212958708,2.7560386263523404,4.104999855787703,0.22440577370918294,2.8977415505968778,1.416620421066854,0.034069590857950756,0.7736065476863943,3.937050274245406e-05,0.9257876786636989,0.9459602472427547,0.9626210312003439
Sofa_22_06,OB,0.365,OB,OB,,0.9090966633955307,0.08650535537741733,11.000696314933485,20.669332566784945,13.425575872835134,0.07099530743678024,3.2415808549877467,4.141675458041562,0.038121043382955,0.9668517830889191,1.1090564719313437e-05,0.9992516815647828,0.9464237161312022,0.9688707635263004
Sofa_22_07,CA,0.935,CA,CA,,0.535082717315559,0.4093749687508165,2.1509202545141317,8.37050619172392,3.6401234778257967,0.22061497493815435,1.4507630779016403,2.5091095390746814,0.02837835240748143,0.8179672153848607,1.6210087732730307e-05,0.9920771392095601,0.9431505707338698,0.8674733290249663
Sofa_22_08,CA,0.945,CA,CA,,0.5417266928083405,0.3993352571567678,2.1821039635228434,7.775508468977188,3.534998049191908,0.22724022228072743,1.4591333916892415,2.422669557974424,0.027772065336581515,0.8251531432016637,1.56501748978419e-05,0.991283273967007,0.949036876076347,0.8760439646623306
Sofa_22_09,CA,0.955,CA,CA,,0.5396627039998086,0.399513881722941,2.1723201849784974,7.5684224812089775,3.575514158735939,0.2255685874713567,1.4758571373644382,2.4226695579744395,0.02774524720769482,0.8176698389315372,1.560915872348656e-05,0.9868222373978366,0.9482755282855166,0.8725211421520522
Sofa_22_10,OB   ,0.64,OB,OB   ,x,0.7509057884966303,0.23655881973765905,4.014545315865086,19.87127456077621,8.629013043260397,0.10319133107422854,2.008893717294336,4.295405460628427,0.02293490696565673,0.9958273085345611,6.79333618323976e-07,0.9978619297315163,0.9991026128547517,0.9991749908689714
Table_01_01,SL,0.855,SL,SL,,0.0028072592801474225,0.996049937580315,1.002815162170169,872.5848802999003,42.51778763324172,0.016724163232264055,1.0116039096610683,42.030074445838906,0.10053051245088655,0.7764573843352461,9.268886660640869e-06,0.9969836698621024,0.7890676564856623,0.5003079185216285
Table_01_02,A,0.97,A,A,,0.9791634012936382,0.016478780154633027,47.992477759550795,4.781428703094773,12.625062509763119,0.07743134354451948,4.991892654773085,2.529113380726819,0.08926791731333909,0.8166666666704195,4.149009999637852e-05,0.8543945968787057,0.8105362979233742,0.9495982000768807
Table_01_03,A,0.98,A,A,,0.9754158607707768,0.01952801492015335,40.67663263194471,4.862249764077703,12.479731634890998,0.07836174585935049,5.049664237135178,2.471398304404221,0.08717757005152059,0.8166595227892314,3.6392224556499284e-05,0.6936484872481595,0.8124938432850013,0.9504244453420733
Table_01_04,A,0.995,A,A,,0.9959660306550866,0.0014707175964054763,247.89479405955362,1.573770249896071,19.751694908542778,0.05046238440535254,15.744675097727162,1.2544999995626622,0.12509849184097444,0.9999999999999841,3.757219222613013e-05,1.0,1.0,1.0
Table_01_05,A,0.995,A,A,,0.9960580615499263,0.0014945691105744557,253.68229683574742,1.6106839234838766,20.213906028697455,0.04931360480231731,15.92740709300255,1.2691272286324364,0.12584856845562048,0.9999999999999843,3.757419237509702e-05,1.0,0.9999999999999977,0.9999999999999999
Table_01_06,SL,0.915,SL,SL,,0.004699734816890597,0.9941814703546978,1.0047219266195957,889.6182212388989,42.472798643619136,0.01674188993579055,1.011605955274923,41.98551661486456,0.15078855118191006,0.77645948857478,3.0504099011843288e-05,0.9999061824992892,0.7867524785411186,0.5000009027310924
Table_01_07,A,0.97,A,A,,0.9805347147919502,0.015137465769797598,51.37350875219682,4.497711950678575,12.479731634855137,0.07836182984161581,5.049808538037956,2.471327682906462,0.08893101321278263,0.8166685717582173,4.0760456254378194e-05,0.8500556613177389,0.812422233580944,0.9499078873858238
Table_01_08,A,0.98,A,A,,0.9748460295528787,0.020213682345229078,39.755155238887426,5.091599908350724,12.625062509762463,0.07743125965859601,4.9917516448524495,2.5291848246010042,0.08751395926445461,0.816671845425733,3.639379648497131e-05,0.6937400871933366,0.8122407612211296,0.9498253499356569
Table_20_01,A,0.62,SL,A,x,0.5566890683003547,0.4425617835876777,2.255753080949011,591.7533857692505,34.58996239256543,0.022141778568422768,1.191853962311244,29.021980448760747,0.014063515177409494,0.8997458167915348,0.00015553922119703492,0.9985349086761885,0.9077070103166816,0.8672410986273879
Table_20_02,A,0.62,SL,A,x,0.5548367547244702,0.44441320525777317,2.2463669465364564,593.5193252846387,34.59346675787902,0.022139545309928184,1.1918550879681897,29.024893299957764,0.014064909446671816,0.8997503054261754,0.00015579756102639664,0.9985645341097192,0.9084292471516985,0.8677418632152035
Table_20_03,SL,0.875,SL,SL,,2.503134249544727e-06,0.9985564390098203,1.0000025031403739,693.9329276408973,33.60180855863281,0.021039076293291215,1.0000021166557684,33.60173743482595,0.10469052044405314,0.9065823053859562,1.8099613425904416e-05,0.9999999999999694,0.906582235370416,0.7055947593962593
